{"v":"5.6.5","fr":30,"ip":0,"op":2795,"w":100,"h":20,"nm":"Komp 1","ddd":0,"assets":[],"fonts":{"list":[{"fName":"FiraSans-Regular","fFamily":"Fira Sans","fStyle":"Regular","ascent":75}]},"layers":[{"ddd":0,"ind":1,"ty":5,"nm":"00:00:00 ","sr":1,"ks":{"o":{"a":0,"k":100,"ix":11},"r":{"a":0,"k":0,"ix":10},"p":{"a":0,"k":[-1.289,16.46,0],"ix":2},"a":{"a":0,"k":[0,0,0],"ix":1},"s":{"a":0,"k":[145.455,145.455,100],"ix":6}},"ao":0,"t":{"d":{"k":[{"s":{"s":16,"f":"FiraSans-Regular","t":"00:00:00\r","j":0,"tr":0,"lh":19.2,"ls":-1,"fc":[0.996,0.38,0.38]},"t":0}]},"p":{},"m":{"g":1,"a":{"a":0,"k":[0,0],"ix":2}},"a":[]},"ip":3600,"op":3630,"st":3600,"bm":0},{"ddd":0,"ind":2,"ty":5,"nm":"00:00:154","sr":1,"ks":{"o":{"a":0,"k":100,"ix":11},"r":{"a":0,"k":0,"ix":10},"p":{"a":0,"k":[-1.289,16.46,0],"ix":2},"a":{"a":0,"k":[0,0,0],"ix":1},"s":{"a":0,"k":[145.455,145.455,100],"ix":6}},"ao":0,"t":{"d":{"k":[{"s":{"s":16,"f":"FiraSans-Regular","t":"00:01:59","j":0,"tr":0,"lh":19.2,"ls":-1,"fc":[0.996,0.38,0.38]},"t":0}]},"p":{},"m":{"g":1,"a":{"a":0,"k":[0,0],"ix":2}},"a":[]},"ip":3570,"op":3600,"st":3570,"bm":0},{"ddd":0,"ind":3,"ty":5,"nm":"00:00:153","sr":1,"ks":{"o":{"a":0,"k":100,"ix":11},"r":{"a":0,"k":0,"ix":10},"p":{"a":0,"k":[-1.289,16.46,0],"ix":2},"a":{"a":0,"k":[0,0,0],"ix":1},"s":{"a":0,"k":[145.455,145.455,100],"ix":6}},"ao":0,"t":{"d":{"k":[{"s":{"s":16,"f":"FiraSans-Regular","t":"00:01:58","j":0,"tr":0,"lh":19.2,"ls":-1,"fc":[0.996,0.38,0.38]},"t":0}]},"p":{},"m":{"g":1,"a":{"a":0,"k":[0,0],"ix":2}},"a":[]},"ip":3540,"op":3570,"st":3540,"bm":0},{"ddd":0,"ind":4,"ty":5,"nm":"00:00:152","sr":1,"ks":{"o":{"a":0,"k":100,"ix":11},"r":{"a":0,"k":0,"ix":10},"p":{"a":0,"k":[-1.289,16.46,0],"ix":2},"a":{"a":0,"k":[0,0,0],"ix":1},"s":{"a":0,"k":[145.455,145.455,100],"ix":6}},"ao":0,"t":{"d":{"k":[{"s":{"s":16,"f":"FiraSans-Regular","t":"00:01:57","j":0,"tr":0,"lh":19.2,"ls":-1,"fc":[0.996,0.38,0.38]},"t":0}]},"p":{},"m":{"g":1,"a":{"a":0,"k":[0,0],"ix":2}},"a":[]},"ip":3510,"op":3540,"st":3510,"bm":0},{"ddd":0,"ind":5,"ty":5,"nm":"00:00:151","sr":1,"ks":{"o":{"a":0,"k":100,"ix":11},"r":{"a":0,"k":0,"ix":10},"p":{"a":0,"k":[-1.289,16.46,0],"ix":2},"a":{"a":0,"k":[0,0,0],"ix":1},"s":{"a":0,"k":[145.455,145.455,100],"ix":6}},"ao":0,"t":{"d":{"k":[{"s":{"s":16,"f":"FiraSans-Regular","t":"00:01:56","j":0,"tr":0,"lh":19.2,"ls":-1,"fc":[0.996,0.38,0.38]},"t":0}]},"p":{},"m":{"g":1,"a":{"a":0,"k":[0,0],"ix":2}},"a":[]},"ip":3480,"op":3510,"st":3480,"bm":0},{"ddd":0,"ind":6,"ty":5,"nm":"00:01:55","sr":1,"ks":{"o":{"a":0,"k":100,"ix":11},"r":{"a":0,"k":0,"ix":10},"p":{"a":0,"k":[-1.289,16.46,0],"ix":2},"a":{"a":0,"k":[0,0,0],"ix":1},"s":{"a":0,"k":[145.455,145.455,100],"ix":6}},"ao":0,"t":{"d":{"k":[{"s":{"s":16,"f":"FiraSans-Regular","t":"00:01:55","j":0,"tr":0,"lh":19.2,"ls":-1,"fc":[0.996,0.38,0.38]},"t":0}]},"p":{},"m":{"g":1,"a":{"a":0,"k":[0,0],"ix":2}},"a":[]},"ip":3450,"op":3480,"st":3450,"bm":0},{"ddd":0,"ind":7,"ty":5,"nm":"00:01:54 ","sr":1,"ks":{"o":{"a":0,"k":100,"ix":11},"r":{"a":0,"k":0,"ix":10},"p":{"a":0,"k":[-1.289,16.46,0],"ix":2},"a":{"a":0,"k":[0,0,0],"ix":1},"s":{"a":0,"k":[145.455,145.455,100],"ix":6}},"ao":0,"t":{"d":{"k":[{"s":{"s":16,"f":"FiraSans-Regular","t":"00:01:54\r","j":0,"tr":0,"lh":19.2,"ls":-1,"fc":[0.996,0.38,0.38]},"t":0}]},"p":{},"m":{"g":1,"a":{"a":0,"k":[0,0],"ix":2}},"a":[]},"ip":3420,"op":3450,"st":3420,"bm":0},{"ddd":0,"ind":8,"ty":5,"nm":"00:00:149","sr":1,"ks":{"o":{"a":0,"k":100,"ix":11},"r":{"a":0,"k":0,"ix":10},"p":{"a":0,"k":[-1.289,16.46,0],"ix":2},"a":{"a":0,"k":[0,0,0],"ix":1},"s":{"a":0,"k":[145.455,145.455,100],"ix":6}},"ao":0,"t":{"d":{"k":[{"s":{"s":16,"f":"FiraSans-Regular","t":"00:01:53","j":0,"tr":0,"lh":19.2,"ls":-1,"fc":[0.996,0.38,0.38]},"t":0}]},"p":{},"m":{"g":1,"a":{"a":0,"k":[0,0],"ix":2}},"a":[]},"ip":3390,"op":3420,"st":3390,"bm":0},{"ddd":0,"ind":9,"ty":5,"nm":"00:00:148","sr":1,"ks":{"o":{"a":0,"k":100,"ix":11},"r":{"a":0,"k":0,"ix":10},"p":{"a":0,"k":[-1.289,16.46,0],"ix":2},"a":{"a":0,"k":[0,0,0],"ix":1},"s":{"a":0,"k":[145.455,145.455,100],"ix":6}},"ao":0,"t":{"d":{"k":[{"s":{"s":16,"f":"FiraSans-Regular","t":"00:01:52","j":0,"tr":0,"lh":19.2,"ls":-1,"fc":[0.996,0.38,0.38]},"t":0}]},"p":{},"m":{"g":1,"a":{"a":0,"k":[0,0],"ix":2}},"a":[]},"ip":3360,"op":3390,"st":3360,"bm":0},{"ddd":0,"ind":10,"ty":5,"nm":"00:00:147","sr":1,"ks":{"o":{"a":0,"k":100,"ix":11},"r":{"a":0,"k":0,"ix":10},"p":{"a":0,"k":[-1.289,16.46,0],"ix":2},"a":{"a":0,"k":[0,0,0],"ix":1},"s":{"a":0,"k":[145.455,145.455,100],"ix":6}},"ao":0,"t":{"d":{"k":[{"s":{"s":16,"f":"FiraSans-Regular","t":"00:01:51","j":0,"tr":0,"lh":19.2,"ls":-1,"fc":[0.996,0.38,0.38]},"t":0}]},"p":{},"m":{"g":1,"a":{"a":0,"k":[0,0],"ix":2}},"a":[]},"ip":3330,"op":3360,"st":3330,"bm":0},{"ddd":0,"ind":11,"ty":5,"nm":"00:00:146","sr":1,"ks":{"o":{"a":0,"k":100,"ix":11},"r":{"a":0,"k":0,"ix":10},"p":{"a":0,"k":[-1.289,16.46,0],"ix":2},"a":{"a":0,"k":[0,0,0],"ix":1},"s":{"a":0,"k":[145.455,145.455,100],"ix":6}},"ao":0,"t":{"d":{"k":[{"s":{"s":16,"f":"FiraSans-Regular","t":"00:01:50","j":0,"tr":0,"lh":19.2,"ls":-1,"fc":[0.996,0.38,0.38]},"t":0}]},"p":{},"m":{"g":1,"a":{"a":0,"k":[0,0],"ix":2}},"a":[]},"ip":3300,"op":3330,"st":3300,"bm":0},{"ddd":0,"ind":12,"ty":5,"nm":"00:01:49","sr":1,"ks":{"o":{"a":0,"k":100,"ix":11},"r":{"a":0,"k":0,"ix":10},"p":{"a":0,"k":[-1.289,16.46,0],"ix":2},"a":{"a":0,"k":[0,0,0],"ix":1},"s":{"a":0,"k":[145.455,145.455,100],"ix":6}},"ao":0,"t":{"d":{"k":[{"s":{"s":16,"f":"FiraSans-Regular","t":"00:01:49","j":0,"tr":0,"lh":19.2,"ls":-1,"fc":[0.996,0.38,0.38]},"t":0}]},"p":{},"m":{"g":1,"a":{"a":0,"k":[0,0],"ix":2}},"a":[]},"ip":3270,"op":3300,"st":3270,"bm":0},{"ddd":0,"ind":13,"ty":5,"nm":"00:01:48 ","sr":1,"ks":{"o":{"a":0,"k":100,"ix":11},"r":{"a":0,"k":0,"ix":10},"p":{"a":0,"k":[-1.289,16.46,0],"ix":2},"a":{"a":0,"k":[0,0,0],"ix":1},"s":{"a":0,"k":[145.455,145.455,100],"ix":6}},"ao":0,"t":{"d":{"k":[{"s":{"s":16,"f":"FiraSans-Regular","t":"00:01:48\r","j":0,"tr":0,"lh":19.2,"ls":-1,"fc":[0.996,0.38,0.38]},"t":0}]},"p":{},"m":{"g":1,"a":{"a":0,"k":[0,0],"ix":2}},"a":[]},"ip":3240,"op":3270,"st":3240,"bm":0},{"ddd":0,"ind":14,"ty":5,"nm":"00:01:47 ","sr":1,"ks":{"o":{"a":0,"k":100,"ix":11},"r":{"a":0,"k":0,"ix":10},"p":{"a":0,"k":[-1.289,16.46,0],"ix":2},"a":{"a":0,"k":[0,0,0],"ix":1},"s":{"a":0,"k":[145.455,145.455,100],"ix":6}},"ao":0,"t":{"d":{"k":[{"s":{"s":16,"f":"FiraSans-Regular","t":"00:01:47\r","j":0,"tr":0,"lh":19.2,"ls":-1,"fc":[0.996,0.38,0.38]},"t":0}]},"p":{},"m":{"g":1,"a":{"a":0,"k":[0,0],"ix":2}},"a":[]},"ip":3210,"op":3240,"st":3210,"bm":0},{"ddd":0,"ind":15,"ty":5,"nm":"00:00:144","sr":1,"ks":{"o":{"a":0,"k":100,"ix":11},"r":{"a":0,"k":0,"ix":10},"p":{"a":0,"k":[-1.289,16.46,0],"ix":2},"a":{"a":0,"k":[0,0,0],"ix":1},"s":{"a":0,"k":[145.455,145.455,100],"ix":6}},"ao":0,"t":{"d":{"k":[{"s":{"s":16,"f":"FiraSans-Regular","t":"00:01:46","j":0,"tr":0,"lh":19.2,"ls":-1,"fc":[0.996,0.38,0.38]},"t":0}]},"p":{},"m":{"g":1,"a":{"a":0,"k":[0,0],"ix":2}},"a":[]},"ip":3180,"op":3210,"st":3180,"bm":0},{"ddd":0,"ind":16,"ty":5,"nm":"00:00:143","sr":1,"ks":{"o":{"a":0,"k":100,"ix":11},"r":{"a":0,"k":0,"ix":10},"p":{"a":0,"k":[-1.289,16.46,0],"ix":2},"a":{"a":0,"k":[0,0,0],"ix":1},"s":{"a":0,"k":[145.455,145.455,100],"ix":6}},"ao":0,"t":{"d":{"k":[{"s":{"s":16,"f":"FiraSans-Regular","t":"00:01:45","j":0,"tr":0,"lh":19.2,"ls":-1,"fc":[0.996,0.38,0.38]},"t":0}]},"p":{},"m":{"g":1,"a":{"a":0,"k":[0,0],"ix":2}},"a":[]},"ip":3150,"op":3180,"st":3150,"bm":0},{"ddd":0,"ind":17,"ty":5,"nm":"00:00:142","sr":1,"ks":{"o":{"a":0,"k":100,"ix":11},"r":{"a":0,"k":0,"ix":10},"p":{"a":0,"k":[-1.289,16.46,0],"ix":2},"a":{"a":0,"k":[0,0,0],"ix":1},"s":{"a":0,"k":[145.455,145.455,100],"ix":6}},"ao":0,"t":{"d":{"k":[{"s":{"s":16,"f":"FiraSans-Regular","t":"00:01:44","j":0,"tr":0,"lh":19.2,"ls":-1,"fc":[0.996,0.38,0.38]},"t":0}]},"p":{},"m":{"g":1,"a":{"a":0,"k":[0,0],"ix":2}},"a":[]},"ip":3120,"op":3150,"st":3120,"bm":0},{"ddd":0,"ind":18,"ty":5,"nm":"00:00:141","sr":1,"ks":{"o":{"a":0,"k":100,"ix":11},"r":{"a":0,"k":0,"ix":10},"p":{"a":0,"k":[-1.289,16.46,0],"ix":2},"a":{"a":0,"k":[0,0,0],"ix":1},"s":{"a":0,"k":[145.455,145.455,100],"ix":6}},"ao":0,"t":{"d":{"k":[{"s":{"s":16,"f":"FiraSans-Regular","t":"00:01:43","j":0,"tr":0,"lh":19.2,"ls":-1,"fc":[0.996,0.38,0.38]},"t":0}]},"p":{},"m":{"g":1,"a":{"a":0,"k":[0,0],"ix":2}},"a":[]},"ip":3090,"op":3120,"st":3090,"bm":0},{"ddd":0,"ind":19,"ty":5,"nm":"00:01:42","sr":1,"ks":{"o":{"a":0,"k":100,"ix":11},"r":{"a":0,"k":0,"ix":10},"p":{"a":0,"k":[-1.289,16.46,0],"ix":2},"a":{"a":0,"k":[0,0,0],"ix":1},"s":{"a":0,"k":[145.455,145.455,100],"ix":6}},"ao":0,"t":{"d":{"k":[{"s":{"s":16,"f":"FiraSans-Regular","t":"00:01:42","j":0,"tr":0,"lh":19.2,"ls":-1,"fc":[0.996,0.38,0.38]},"t":0}]},"p":{},"m":{"g":1,"a":{"a":0,"k":[0,0],"ix":2}},"a":[]},"ip":3060,"op":3090,"st":3060,"bm":0},{"ddd":0,"ind":20,"ty":5,"nm":"00:01:41 ","sr":1,"ks":{"o":{"a":0,"k":100,"ix":11},"r":{"a":0,"k":0,"ix":10},"p":{"a":0,"k":[-1.289,16.46,0],"ix":2},"a":{"a":0,"k":[0,0,0],"ix":1},"s":{"a":0,"k":[145.455,145.455,100],"ix":6}},"ao":0,"t":{"d":{"k":[{"s":{"s":16,"f":"FiraSans-Regular","t":"00:01:41\r","j":0,"tr":0,"lh":19.2,"ls":-1,"fc":[0.996,0.38,0.38]},"t":0}]},"p":{},"m":{"g":1,"a":{"a":0,"k":[0,0],"ix":2}},"a":[]},"ip":3030,"op":3060,"st":3030,"bm":0},{"ddd":0,"ind":21,"ty":5,"nm":"00:00:139","sr":1,"ks":{"o":{"a":0,"k":100,"ix":11},"r":{"a":0,"k":0,"ix":10},"p":{"a":0,"k":[-1.289,16.46,0],"ix":2},"a":{"a":0,"k":[0,0,0],"ix":1},"s":{"a":0,"k":[145.455,145.455,100],"ix":6}},"ao":0,"t":{"d":{"k":[{"s":{"s":16,"f":"FiraSans-Regular","t":"00:01:40","j":0,"tr":0,"lh":19.2,"ls":-1,"fc":[0.996,0.38,0.38]},"t":0}]},"p":{},"m":{"g":1,"a":{"a":0,"k":[0,0],"ix":2}},"a":[]},"ip":3000,"op":3030,"st":3000,"bm":0},{"ddd":0,"ind":22,"ty":5,"nm":"00:00:138","sr":1,"ks":{"o":{"a":0,"k":100,"ix":11},"r":{"a":0,"k":0,"ix":10},"p":{"a":0,"k":[-1.289,16.46,0],"ix":2},"a":{"a":0,"k":[0,0,0],"ix":1},"s":{"a":0,"k":[145.455,145.455,100],"ix":6}},"ao":0,"t":{"d":{"k":[{"s":{"s":16,"f":"FiraSans-Regular","t":"00:01:39","j":0,"tr":0,"lh":19.2,"ls":-1,"fc":[0.996,0.38,0.38]},"t":0}]},"p":{},"m":{"g":1,"a":{"a":0,"k":[0,0],"ix":2}},"a":[]},"ip":2970,"op":3000,"st":2970,"bm":0},{"ddd":0,"ind":23,"ty":5,"nm":"00:00:137","sr":1,"ks":{"o":{"a":0,"k":100,"ix":11},"r":{"a":0,"k":0,"ix":10},"p":{"a":0,"k":[-1.289,16.46,0],"ix":2},"a":{"a":0,"k":[0,0,0],"ix":1},"s":{"a":0,"k":[145.455,145.455,100],"ix":6}},"ao":0,"t":{"d":{"k":[{"s":{"s":16,"f":"FiraSans-Regular","t":"00:01:38","j":0,"tr":0,"lh":19.2,"ls":-1,"fc":[0.996,0.38,0.38]},"t":0}]},"p":{},"m":{"g":1,"a":{"a":0,"k":[0,0],"ix":2}},"a":[]},"ip":2940,"op":2970,"st":2940,"bm":0},{"ddd":0,"ind":24,"ty":5,"nm":"00:00:136","sr":1,"ks":{"o":{"a":0,"k":100,"ix":11},"r":{"a":0,"k":0,"ix":10},"p":{"a":0,"k":[-1.289,16.46,0],"ix":2},"a":{"a":0,"k":[0,0,0],"ix":1},"s":{"a":0,"k":[145.455,145.455,100],"ix":6}},"ao":0,"t":{"d":{"k":[{"s":{"s":16,"f":"FiraSans-Regular","t":"00:01:37","j":0,"tr":0,"lh":19.2,"ls":-1,"fc":[0.996,0.38,0.38]},"t":0}]},"p":{},"m":{"g":1,"a":{"a":0,"k":[0,0],"ix":2}},"a":[]},"ip":2910,"op":2940,"st":2910,"bm":0},{"ddd":0,"ind":25,"ty":5,"nm":"00:01:36","sr":1,"ks":{"o":{"a":0,"k":100,"ix":11},"r":{"a":0,"k":0,"ix":10},"p":{"a":0,"k":[-1.289,16.46,0],"ix":2},"a":{"a":0,"k":[0,0,0],"ix":1},"s":{"a":0,"k":[145.455,145.455,100],"ix":6}},"ao":0,"t":{"d":{"k":[{"s":{"s":16,"f":"FiraSans-Regular","t":"00:01:36","j":0,"tr":0,"lh":19.2,"ls":-1,"fc":[0.996,0.38,0.38]},"t":0}]},"p":{},"m":{"g":1,"a":{"a":0,"k":[0,0],"ix":2}},"a":[]},"ip":2880,"op":2910,"st":2880,"bm":0},{"ddd":0,"ind":26,"ty":5,"nm":"00:01:35 ","sr":1,"ks":{"o":{"a":0,"k":100,"ix":11},"r":{"a":0,"k":0,"ix":10},"p":{"a":0,"k":[-1.289,16.46,0],"ix":2},"a":{"a":0,"k":[0,0,0],"ix":1},"s":{"a":0,"k":[145.455,145.455,100],"ix":6}},"ao":0,"t":{"d":{"k":[{"s":{"s":16,"f":"FiraSans-Regular","t":"00:01:35\r","j":0,"tr":0,"lh":19.2,"ls":-1,"fc":[0.996,0.38,0.38]},"t":0}]},"p":{},"m":{"g":1,"a":{"a":0,"k":[0,0],"ix":2}},"a":[]},"ip":2850,"op":2880,"st":2850,"bm":0},{"ddd":0,"ind":27,"ty":5,"nm":"00:00:134","sr":1,"ks":{"o":{"a":0,"k":100,"ix":11},"r":{"a":0,"k":0,"ix":10},"p":{"a":0,"k":[-1.289,16.46,0],"ix":2},"a":{"a":0,"k":[0,0,0],"ix":1},"s":{"a":0,"k":[145.455,145.455,100],"ix":6}},"ao":0,"t":{"d":{"k":[{"s":{"s":16,"f":"FiraSans-Regular","t":"00:01:34","j":0,"tr":0,"lh":19.2,"ls":-1,"fc":[0.996,0.38,0.38]},"t":0}]},"p":{},"m":{"g":1,"a":{"a":0,"k":[0,0],"ix":2}},"a":[]},"ip":2820,"op":2850,"st":2820,"bm":0},{"ddd":0,"ind":28,"ty":5,"nm":"00:00:133","sr":1,"ks":{"o":{"a":0,"k":100,"ix":11},"r":{"a":0,"k":0,"ix":10},"p":{"a":0,"k":[-1.289,16.46,0],"ix":2},"a":{"a":0,"k":[0,0,0],"ix":1},"s":{"a":0,"k":[145.455,145.455,100],"ix":6}},"ao":0,"t":{"d":{"k":[{"s":{"s":16,"f":"FiraSans-Regular","t":"00:01:33","j":0,"tr":0,"lh":19.2,"ls":-1,"fc":[0.996,0.38,0.38]},"t":0}]},"p":{},"m":{"g":1,"a":{"a":0,"k":[0,0],"ix":2}},"a":[]},"ip":2790,"op":2820,"st":2790,"bm":0},{"ddd":0,"ind":29,"ty":5,"nm":"00:00:132","sr":1,"ks":{"o":{"a":0,"k":100,"ix":11},"r":{"a":0,"k":0,"ix":10},"p":{"a":0,"k":[-1.289,16.46,0],"ix":2},"a":{"a":0,"k":[0,0,0],"ix":1},"s":{"a":0,"k":[145.455,145.455,100],"ix":6}},"ao":0,"t":{"d":{"k":[{"s":{"s":16,"f":"FiraSans-Regular","t":"00:01:32","j":0,"tr":0,"lh":19.2,"ls":-1,"fc":[0.996,0.38,0.38]},"t":0}]},"p":{},"m":{"g":1,"a":{"a":0,"k":[0,0],"ix":2}},"a":[]},"ip":2760,"op":2790,"st":2760,"bm":0},{"ddd":0,"ind":30,"ty":5,"nm":"00:00:131","sr":1,"ks":{"o":{"a":0,"k":100,"ix":11},"r":{"a":0,"k":0,"ix":10},"p":{"a":0,"k":[-1.289,16.46,0],"ix":2},"a":{"a":0,"k":[0,0,0],"ix":1},"s":{"a":0,"k":[145.455,145.455,100],"ix":6}},"ao":0,"t":{"d":{"k":[{"s":{"s":16,"f":"FiraSans-Regular","t":"00:01:31","j":0,"tr":0,"lh":19.2,"ls":-1,"fc":[0.996,0.38,0.38]},"t":0}]},"p":{},"m":{"g":1,"a":{"a":0,"k":[0,0],"ix":2}},"a":[]},"ip":2730,"op":2760,"st":2730,"bm":0},{"ddd":0,"ind":31,"ty":5,"nm":"00:01:30","sr":1,"ks":{"o":{"a":0,"k":100,"ix":11},"r":{"a":0,"k":0,"ix":10},"p":{"a":0,"k":[-1.289,16.46,0],"ix":2},"a":{"a":0,"k":[0,0,0],"ix":1},"s":{"a":0,"k":[145.455,145.455,100],"ix":6}},"ao":0,"t":{"d":{"k":[{"s":{"s":16,"f":"FiraSans-Regular","t":"00:01:30","j":0,"tr":0,"lh":19.2,"ls":-1,"fc":[0.996,0.38,0.38]},"t":0}]},"p":{},"m":{"g":1,"a":{"a":0,"k":[0,0],"ix":2}},"a":[]},"ip":2700,"op":2730,"st":2700,"bm":0},{"ddd":0,"ind":32,"ty":5,"nm":"00:01:29 ","sr":1,"ks":{"o":{"a":0,"k":100,"ix":11},"r":{"a":0,"k":0,"ix":10},"p":{"a":0,"k":[-1.289,16.46,0],"ix":2},"a":{"a":0,"k":[0,0,0],"ix":1},"s":{"a":0,"k":[145.455,145.455,100],"ix":6}},"ao":0,"t":{"d":{"k":[{"s":{"s":16,"f":"FiraSans-Regular","t":"00:01:29\r","j":0,"tr":0,"lh":19.2,"ls":-1,"fc":[0.996,0.38,0.38]},"t":0}]},"p":{},"m":{"g":1,"a":{"a":0,"k":[0,0],"ix":2}},"a":[]},"ip":2670,"op":2700,"st":2670,"bm":0},{"ddd":0,"ind":33,"ty":5,"nm":"00:00:129","sr":1,"ks":{"o":{"a":0,"k":100,"ix":11},"r":{"a":0,"k":0,"ix":10},"p":{"a":0,"k":[-1.289,16.46,0],"ix":2},"a":{"a":0,"k":[0,0,0],"ix":1},"s":{"a":0,"k":[145.455,145.455,100],"ix":6}},"ao":0,"t":{"d":{"k":[{"s":{"s":16,"f":"FiraSans-Regular","t":"00:01:28","j":0,"tr":0,"lh":19.2,"ls":-1,"fc":[0.996,0.38,0.38]},"t":0}]},"p":{},"m":{"g":1,"a":{"a":0,"k":[0,0],"ix":2}},"a":[]},"ip":2640,"op":2670,"st":2640,"bm":0},{"ddd":0,"ind":34,"ty":5,"nm":"00:00:128","sr":1,"ks":{"o":{"a":0,"k":100,"ix":11},"r":{"a":0,"k":0,"ix":10},"p":{"a":0,"k":[-1.289,16.46,0],"ix":2},"a":{"a":0,"k":[0,0,0],"ix":1},"s":{"a":0,"k":[145.455,145.455,100],"ix":6}},"ao":0,"t":{"d":{"k":[{"s":{"s":16,"f":"FiraSans-Regular","t":"00:01:27","j":0,"tr":0,"lh":19.2,"ls":-1,"fc":[0.996,0.38,0.38]},"t":0}]},"p":{},"m":{"g":1,"a":{"a":0,"k":[0,0],"ix":2}},"a":[]},"ip":2610,"op":2640,"st":2610,"bm":0},{"ddd":0,"ind":35,"ty":5,"nm":"00:00:127","sr":1,"ks":{"o":{"a":0,"k":100,"ix":11},"r":{"a":0,"k":0,"ix":10},"p":{"a":0,"k":[-1.289,16.46,0],"ix":2},"a":{"a":0,"k":[0,0,0],"ix":1},"s":{"a":0,"k":[145.455,145.455,100],"ix":6}},"ao":0,"t":{"d":{"k":[{"s":{"s":16,"f":"FiraSans-Regular","t":"00:01:26","j":0,"tr":0,"lh":19.2,"ls":-1,"fc":[0.996,0.38,0.38]},"t":0}]},"p":{},"m":{"g":1,"a":{"a":0,"k":[0,0],"ix":2}},"a":[]},"ip":2580,"op":2610,"st":2580,"bm":0},{"ddd":0,"ind":36,"ty":5,"nm":"00:00:126","sr":1,"ks":{"o":{"a":0,"k":100,"ix":11},"r":{"a":0,"k":0,"ix":10},"p":{"a":0,"k":[-1.289,16.46,0],"ix":2},"a":{"a":0,"k":[0,0,0],"ix":1},"s":{"a":0,"k":[145.455,145.455,100],"ix":6}},"ao":0,"t":{"d":{"k":[{"s":{"s":16,"f":"FiraSans-Regular","t":"00:01:25","j":0,"tr":0,"lh":19.2,"ls":-1,"fc":[0.996,0.38,0.38]},"t":0}]},"p":{},"m":{"g":1,"a":{"a":0,"k":[0,0],"ix":2}},"a":[]},"ip":2550,"op":2580,"st":2550,"bm":0},{"ddd":0,"ind":37,"ty":5,"nm":"00:01:24","sr":1,"ks":{"o":{"a":0,"k":100,"ix":11},"r":{"a":0,"k":0,"ix":10},"p":{"a":0,"k":[-1.289,16.46,0],"ix":2},"a":{"a":0,"k":[0,0,0],"ix":1},"s":{"a":0,"k":[145.455,145.455,100],"ix":6}},"ao":0,"t":{"d":{"k":[{"s":{"s":16,"f":"FiraSans-Regular","t":"00:01:24","j":0,"tr":0,"lh":19.2,"ls":-1,"fc":[0.996,0.38,0.38]},"t":0}]},"p":{},"m":{"g":1,"a":{"a":0,"k":[0,0],"ix":2}},"a":[]},"ip":2520,"op":2550,"st":2520,"bm":0},{"ddd":0,"ind":38,"ty":5,"nm":"00:01:23 ","sr":1,"ks":{"o":{"a":0,"k":100,"ix":11},"r":{"a":0,"k":0,"ix":10},"p":{"a":0,"k":[-1.289,16.46,0],"ix":2},"a":{"a":0,"k":[0,0,0],"ix":1},"s":{"a":0,"k":[145.455,145.455,100],"ix":6}},"ao":0,"t":{"d":{"k":[{"s":{"s":16,"f":"FiraSans-Regular","t":"00:01:23\r","j":0,"tr":0,"lh":19.2,"ls":-1,"fc":[0.996,0.38,0.38]},"t":0}]},"p":{},"m":{"g":1,"a":{"a":0,"k":[0,0],"ix":2}},"a":[]},"ip":2490,"op":2520,"st":2490,"bm":0},{"ddd":0,"ind":39,"ty":5,"nm":"00:00:124","sr":1,"ks":{"o":{"a":0,"k":100,"ix":11},"r":{"a":0,"k":0,"ix":10},"p":{"a":0,"k":[-1.289,16.46,0],"ix":2},"a":{"a":0,"k":[0,0,0],"ix":1},"s":{"a":0,"k":[145.455,145.455,100],"ix":6}},"ao":0,"t":{"d":{"k":[{"s":{"s":16,"f":"FiraSans-Regular","t":"00:01:22","j":0,"tr":0,"lh":19.2,"ls":-1,"fc":[0.996,0.38,0.38]},"t":0}]},"p":{},"m":{"g":1,"a":{"a":0,"k":[0,0],"ix":2}},"a":[]},"ip":2460,"op":2490,"st":2460,"bm":0},{"ddd":0,"ind":40,"ty":5,"nm":"00:00:123","sr":1,"ks":{"o":{"a":0,"k":100,"ix":11},"r":{"a":0,"k":0,"ix":10},"p":{"a":0,"k":[-1.289,16.46,0],"ix":2},"a":{"a":0,"k":[0,0,0],"ix":1},"s":{"a":0,"k":[145.455,145.455,100],"ix":6}},"ao":0,"t":{"d":{"k":[{"s":{"s":16,"f":"FiraSans-Regular","t":"00:01:21","j":0,"tr":0,"lh":19.2,"ls":-1,"fc":[0.996,0.38,0.38]},"t":0}]},"p":{},"m":{"g":1,"a":{"a":0,"k":[0,0],"ix":2}},"a":[]},"ip":2430,"op":2460,"st":2430,"bm":0},{"ddd":0,"ind":41,"ty":5,"nm":"00:00:122","sr":1,"ks":{"o":{"a":0,"k":100,"ix":11},"r":{"a":0,"k":0,"ix":10},"p":{"a":0,"k":[-1.289,16.46,0],"ix":2},"a":{"a":0,"k":[0,0,0],"ix":1},"s":{"a":0,"k":[145.455,145.455,100],"ix":6}},"ao":0,"t":{"d":{"k":[{"s":{"s":16,"f":"FiraSans-Regular","t":"00:01:20","j":0,"tr":0,"lh":19.2,"ls":-1,"fc":[0.996,0.38,0.38]},"t":0}]},"p":{},"m":{"g":1,"a":{"a":0,"k":[0,0],"ix":2}},"a":[]},"ip":2400,"op":2430,"st":2400,"bm":0},{"ddd":0,"ind":42,"ty":5,"nm":"00:00:121","sr":1,"ks":{"o":{"a":0,"k":100,"ix":11},"r":{"a":0,"k":0,"ix":10},"p":{"a":0,"k":[-1.289,16.46,0],"ix":2},"a":{"a":0,"k":[0,0,0],"ix":1},"s":{"a":0,"k":[145.455,145.455,100],"ix":6}},"ao":0,"t":{"d":{"k":[{"s":{"s":16,"f":"FiraSans-Regular","t":"00:01:19","j":0,"tr":0,"lh":19.2,"ls":-1,"fc":[0.996,0.38,0.38]},"t":0}]},"p":{},"m":{"g":1,"a":{"a":0,"k":[0,0],"ix":2}},"a":[]},"ip":2370,"op":2400,"st":2370,"bm":0},{"ddd":0,"ind":43,"ty":5,"nm":"00:01:18","sr":1,"ks":{"o":{"a":0,"k":100,"ix":11},"r":{"a":0,"k":0,"ix":10},"p":{"a":0,"k":[-1.289,16.46,0],"ix":2},"a":{"a":0,"k":[0,0,0],"ix":1},"s":{"a":0,"k":[145.455,145.455,100],"ix":6}},"ao":0,"t":{"d":{"k":[{"s":{"s":16,"f":"FiraSans-Regular","t":"00:01:18","j":0,"tr":0,"lh":19.2,"ls":-1,"fc":[0.996,0.38,0.38]},"t":0}]},"p":{},"m":{"g":1,"a":{"a":0,"k":[0,0],"ix":2}},"a":[]},"ip":2340,"op":2370,"st":2340,"bm":0},{"ddd":0,"ind":44,"ty":5,"nm":"00:01:17 ","sr":1,"ks":{"o":{"a":0,"k":100,"ix":11},"r":{"a":0,"k":0,"ix":10},"p":{"a":0,"k":[-1.289,16.46,0],"ix":2},"a":{"a":0,"k":[0,0,0],"ix":1},"s":{"a":0,"k":[145.455,145.455,100],"ix":6}},"ao":0,"t":{"d":{"k":[{"s":{"s":16,"f":"FiraSans-Regular","t":"00:01:17\r","j":0,"tr":0,"lh":19.2,"ls":-1,"fc":[0.996,0.38,0.38]},"t":0}]},"p":{},"m":{"g":1,"a":{"a":0,"k":[0,0],"ix":2}},"a":[]},"ip":2310,"op":2340,"st":2310,"bm":0},{"ddd":0,"ind":45,"ty":5,"nm":"00:00:119","sr":1,"ks":{"o":{"a":0,"k":100,"ix":11},"r":{"a":0,"k":0,"ix":10},"p":{"a":0,"k":[-1.289,16.46,0],"ix":2},"a":{"a":0,"k":[0,0,0],"ix":1},"s":{"a":0,"k":[145.455,145.455,100],"ix":6}},"ao":0,"t":{"d":{"k":[{"s":{"s":16,"f":"FiraSans-Regular","t":"00:01:16","j":0,"tr":0,"lh":19.2,"ls":-1,"fc":[0.996,0.38,0.38]},"t":0}]},"p":{},"m":{"g":1,"a":{"a":0,"k":[0,0],"ix":2}},"a":[]},"ip":2280,"op":2310,"st":2280,"bm":0},{"ddd":0,"ind":46,"ty":5,"nm":"00:00:118","sr":1,"ks":{"o":{"a":0,"k":100,"ix":11},"r":{"a":0,"k":0,"ix":10},"p":{"a":0,"k":[-1.289,16.46,0],"ix":2},"a":{"a":0,"k":[0,0,0],"ix":1},"s":{"a":0,"k":[145.455,145.455,100],"ix":6}},"ao":0,"t":{"d":{"k":[{"s":{"s":16,"f":"FiraSans-Regular","t":"00:01:15","j":0,"tr":0,"lh":19.2,"ls":-1,"fc":[0.996,0.38,0.38]},"t":0}]},"p":{},"m":{"g":1,"a":{"a":0,"k":[0,0],"ix":2}},"a":[]},"ip":2250,"op":2280,"st":2250,"bm":0},{"ddd":0,"ind":47,"ty":5,"nm":"00:00:117","sr":1,"ks":{"o":{"a":0,"k":100,"ix":11},"r":{"a":0,"k":0,"ix":10},"p":{"a":0,"k":[-1.289,16.46,0],"ix":2},"a":{"a":0,"k":[0,0,0],"ix":1},"s":{"a":0,"k":[145.455,145.455,100],"ix":6}},"ao":0,"t":{"d":{"k":[{"s":{"s":16,"f":"FiraSans-Regular","t":"00:01:14","j":0,"tr":0,"lh":19.2,"ls":-1,"fc":[0.996,0.38,0.38]},"t":0}]},"p":{},"m":{"g":1,"a":{"a":0,"k":[0,0],"ix":2}},"a":[]},"ip":2220,"op":2250,"st":2220,"bm":0},{"ddd":0,"ind":48,"ty":5,"nm":"00:00:116","sr":1,"ks":{"o":{"a":0,"k":100,"ix":11},"r":{"a":0,"k":0,"ix":10},"p":{"a":0,"k":[-1.289,16.46,0],"ix":2},"a":{"a":0,"k":[0,0,0],"ix":1},"s":{"a":0,"k":[145.455,145.455,100],"ix":6}},"ao":0,"t":{"d":{"k":[{"s":{"s":16,"f":"FiraSans-Regular","t":"00:01:13","j":0,"tr":0,"lh":19.2,"ls":-1,"fc":[0.996,0.38,0.38]},"t":0}]},"p":{},"m":{"g":1,"a":{"a":0,"k":[0,0],"ix":2}},"a":[]},"ip":2190,"op":2220,"st":2190,"bm":0},{"ddd":0,"ind":49,"ty":5,"nm":"00:01:12","sr":1,"ks":{"o":{"a":0,"k":100,"ix":11},"r":{"a":0,"k":0,"ix":10},"p":{"a":0,"k":[-1.289,16.46,0],"ix":2},"a":{"a":0,"k":[0,0,0],"ix":1},"s":{"a":0,"k":[145.455,145.455,100],"ix":6}},"ao":0,"t":{"d":{"k":[{"s":{"s":16,"f":"FiraSans-Regular","t":"00:01:12","j":0,"tr":0,"lh":19.2,"ls":-1,"fc":[0.996,0.38,0.38]},"t":0}]},"p":{},"m":{"g":1,"a":{"a":0,"k":[0,0],"ix":2}},"a":[]},"ip":2160,"op":2190,"st":2160,"bm":0},{"ddd":0,"ind":50,"ty":5,"nm":"00:01:11 ","sr":1,"ks":{"o":{"a":0,"k":100,"ix":11},"r":{"a":0,"k":0,"ix":10},"p":{"a":0,"k":[-1.289,16.46,0],"ix":2},"a":{"a":0,"k":[0,0,0],"ix":1},"s":{"a":0,"k":[145.455,145.455,100],"ix":6}},"ao":0,"t":{"d":{"k":[{"s":{"s":16,"f":"FiraSans-Regular","t":"00:01:11\r","j":0,"tr":0,"lh":19.2,"ls":-1,"fc":[0.996,0.38,0.38]},"t":0}]},"p":{},"m":{"g":1,"a":{"a":0,"k":[0,0],"ix":2}},"a":[]},"ip":2130,"op":2160,"st":2130,"bm":0},{"ddd":0,"ind":51,"ty":5,"nm":"00:00:114","sr":1,"ks":{"o":{"a":0,"k":100,"ix":11},"r":{"a":0,"k":0,"ix":10},"p":{"a":0,"k":[-1.289,16.46,0],"ix":2},"a":{"a":0,"k":[0,0,0],"ix":1},"s":{"a":0,"k":[145.455,145.455,100],"ix":6}},"ao":0,"t":{"d":{"k":[{"s":{"s":16,"f":"FiraSans-Regular","t":"00:01:10","j":0,"tr":0,"lh":19.2,"ls":-1,"fc":[0.996,0.38,0.38]},"t":0}]},"p":{},"m":{"g":1,"a":{"a":0,"k":[0,0],"ix":2}},"a":[]},"ip":2100,"op":2130,"st":2100,"bm":0},{"ddd":0,"ind":52,"ty":5,"nm":"00:00:113","sr":1,"ks":{"o":{"a":0,"k":100,"ix":11},"r":{"a":0,"k":0,"ix":10},"p":{"a":0,"k":[-1.289,16.46,0],"ix":2},"a":{"a":0,"k":[0,0,0],"ix":1},"s":{"a":0,"k":[145.455,145.455,100],"ix":6}},"ao":0,"t":{"d":{"k":[{"s":{"s":16,"f":"FiraSans-Regular","t":"00:01:09","j":0,"tr":0,"lh":19.2,"ls":-1,"fc":[0.996,0.38,0.38]},"t":0}]},"p":{},"m":{"g":1,"a":{"a":0,"k":[0,0],"ix":2}},"a":[]},"ip":2070,"op":2100,"st":2070,"bm":0},{"ddd":0,"ind":53,"ty":5,"nm":"00:00:112","sr":1,"ks":{"o":{"a":0,"k":100,"ix":11},"r":{"a":0,"k":0,"ix":10},"p":{"a":0,"k":[-1.289,16.46,0],"ix":2},"a":{"a":0,"k":[0,0,0],"ix":1},"s":{"a":0,"k":[145.455,145.455,100],"ix":6}},"ao":0,"t":{"d":{"k":[{"s":{"s":16,"f":"FiraSans-Regular","t":"00:01:08","j":0,"tr":0,"lh":19.2,"ls":-1,"fc":[0.996,0.38,0.38]},"t":0}]},"p":{},"m":{"g":1,"a":{"a":0,"k":[0,0],"ix":2}},"a":[]},"ip":2040,"op":2070,"st":2040,"bm":0},{"ddd":0,"ind":54,"ty":5,"nm":"00:00:111","sr":1,"ks":{"o":{"a":0,"k":100,"ix":11},"r":{"a":0,"k":0,"ix":10},"p":{"a":0,"k":[-1.289,16.46,0],"ix":2},"a":{"a":0,"k":[0,0,0],"ix":1},"s":{"a":0,"k":[145.455,145.455,100],"ix":6}},"ao":0,"t":{"d":{"k":[{"s":{"s":16,"f":"FiraSans-Regular","t":"00:01:07","j":0,"tr":0,"lh":19.2,"ls":-1,"fc":[0.996,0.38,0.38]},"t":0}]},"p":{},"m":{"g":1,"a":{"a":0,"k":[0,0],"ix":2}},"a":[]},"ip":2010,"op":2040,"st":2010,"bm":0},{"ddd":0,"ind":55,"ty":5,"nm":"00:01:06","sr":1,"ks":{"o":{"a":0,"k":100,"ix":11},"r":{"a":0,"k":0,"ix":10},"p":{"a":0,"k":[-1.289,16.46,0],"ix":2},"a":{"a":0,"k":[0,0,0],"ix":1},"s":{"a":0,"k":[145.455,145.455,100],"ix":6}},"ao":0,"t":{"d":{"k":[{"s":{"s":16,"f":"FiraSans-Regular","t":"00:01:06","j":0,"tr":0,"lh":19.2,"ls":-1,"fc":[0.996,0.38,0.38]},"t":0}]},"p":{},"m":{"g":1,"a":{"a":0,"k":[0,0],"ix":2}},"a":[]},"ip":1980,"op":2010,"st":1980,"bm":0},{"ddd":0,"ind":56,"ty":5,"nm":"00:01:05 ","sr":1,"ks":{"o":{"a":0,"k":100,"ix":11},"r":{"a":0,"k":0,"ix":10},"p":{"a":0,"k":[-1.289,16.46,0],"ix":2},"a":{"a":0,"k":[0,0,0],"ix":1},"s":{"a":0,"k":[145.455,145.455,100],"ix":6}},"ao":0,"t":{"d":{"k":[{"s":{"s":16,"f":"FiraSans-Regular","t":"00:01:05\r","j":0,"tr":0,"lh":19.2,"ls":-1,"fc":[0.996,0.38,0.38]},"t":0}]},"p":{},"m":{"g":1,"a":{"a":0,"k":[0,0],"ix":2}},"a":[]},"ip":1950,"op":1980,"st":1950,"bm":0},{"ddd":0,"ind":57,"ty":5,"nm":"00:00:109","sr":1,"ks":{"o":{"a":0,"k":100,"ix":11},"r":{"a":0,"k":0,"ix":10},"p":{"a":0,"k":[-1.289,16.46,0],"ix":2},"a":{"a":0,"k":[0,0,0],"ix":1},"s":{"a":0,"k":[145.455,145.455,100],"ix":6}},"ao":0,"t":{"d":{"k":[{"s":{"s":16,"f":"FiraSans-Regular","t":"00:01:04","j":0,"tr":0,"lh":19.2,"ls":-1,"fc":[0.996,0.38,0.38]},"t":0}]},"p":{},"m":{"g":1,"a":{"a":0,"k":[0,0],"ix":2}},"a":[]},"ip":1920,"op":1950,"st":1920,"bm":0},{"ddd":0,"ind":58,"ty":5,"nm":"00:00:108","sr":1,"ks":{"o":{"a":0,"k":100,"ix":11},"r":{"a":0,"k":0,"ix":10},"p":{"a":0,"k":[-1.289,16.46,0],"ix":2},"a":{"a":0,"k":[0,0,0],"ix":1},"s":{"a":0,"k":[145.455,145.455,100],"ix":6}},"ao":0,"t":{"d":{"k":[{"s":{"s":16,"f":"FiraSans-Regular","t":"00:01:03","j":0,"tr":0,"lh":19.2,"ls":-1,"fc":[0.996,0.38,0.38]},"t":0}]},"p":{},"m":{"g":1,"a":{"a":0,"k":[0,0],"ix":2}},"a":[]},"ip":1890,"op":1920,"st":1890,"bm":0},{"ddd":0,"ind":59,"ty":5,"nm":"00:00:107","sr":1,"ks":{"o":{"a":0,"k":100,"ix":11},"r":{"a":0,"k":0,"ix":10},"p":{"a":0,"k":[-1.289,16.46,0],"ix":2},"a":{"a":0,"k":[0,0,0],"ix":1},"s":{"a":0,"k":[145.455,145.455,100],"ix":6}},"ao":0,"t":{"d":{"k":[{"s":{"s":16,"f":"FiraSans-Regular","t":"00:01:02","j":0,"tr":0,"lh":19.2,"ls":-1,"fc":[0.996,0.38,0.38]},"t":0}]},"p":{},"m":{"g":1,"a":{"a":0,"k":[0,0],"ix":2}},"a":[]},"ip":1860,"op":1890,"st":1860,"bm":0},{"ddd":0,"ind":60,"ty":5,"nm":"00:00:106","sr":1,"ks":{"o":{"a":0,"k":100,"ix":11},"r":{"a":0,"k":0,"ix":10},"p":{"a":0,"k":[-1.289,16.46,0],"ix":2},"a":{"a":0,"k":[0,0,0],"ix":1},"s":{"a":0,"k":[145.455,145.455,100],"ix":6}},"ao":0,"t":{"d":{"k":[{"s":{"s":16,"f":"FiraSans-Regular","t":"00:01:01","j":0,"tr":0,"lh":19.2,"ls":-1,"fc":[0.996,0.38,0.38]},"t":0}]},"p":{},"m":{"g":1,"a":{"a":0,"k":[0,0],"ix":2}},"a":[]},"ip":1830,"op":1860,"st":1830,"bm":0},{"ddd":0,"ind":61,"ty":5,"nm":"00:00:158","sr":1,"ks":{"o":{"a":0,"k":100,"ix":11},"r":{"a":0,"k":0,"ix":10},"p":{"a":0,"k":[-1.289,16.46,0],"ix":2},"a":{"a":0,"k":[0,0,0],"ix":1},"s":{"a":0,"k":[145.455,145.455,100],"ix":6}},"ao":0,"t":{"d":{"k":[{"s":{"s":16,"f":"FiraSans-Regular","t":"00:01:00","j":0,"tr":0,"lh":19.2,"ls":-1,"fc":[0.996,0.38,0.38]},"t":0}]},"p":{},"m":{"g":1,"a":{"a":0,"k":[0,0],"ix":2}},"a":[]},"ip":1800,"op":1830,"st":1800,"bm":0},{"ddd":0,"ind":62,"ty":5,"nm":"00:00:49","sr":1,"ks":{"o":{"a":0,"k":100,"ix":11},"r":{"a":0,"k":0,"ix":10},"p":{"a":0,"k":[-1.289,16.46,0],"ix":2},"a":{"a":0,"k":[0,0,0],"ix":1},"s":{"a":0,"k":[145.455,145.455,100],"ix":6}},"ao":0,"t":{"d":{"k":[{"s":{"s":16,"f":"FiraSans-Regular","t":"00:00:59","j":0,"tr":0,"lh":19.2,"ls":-1,"fc":[0.996,0.38,0.38]},"t":0}]},"p":{},"m":{"g":1,"a":{"a":0,"k":[0,0],"ix":2}},"a":[]},"ip":1770,"op":1800,"st":1770,"bm":0},{"ddd":0,"ind":63,"ty":5,"nm":"00:00:48","sr":1,"ks":{"o":{"a":0,"k":100,"ix":11},"r":{"a":0,"k":0,"ix":10},"p":{"a":0,"k":[-1.289,16.46,0],"ix":2},"a":{"a":0,"k":[0,0,0],"ix":1},"s":{"a":0,"k":[145.455,145.455,100],"ix":6}},"ao":0,"t":{"d":{"k":[{"s":{"s":16,"f":"FiraSans-Regular","t":"00:00:58","j":0,"tr":0,"lh":19.2,"ls":-1,"fc":[0.996,0.38,0.38]},"t":0}]},"p":{},"m":{"g":1,"a":{"a":0,"k":[0,0],"ix":2}},"a":[]},"ip":1740,"op":1770,"st":1740,"bm":0},{"ddd":0,"ind":64,"ty":5,"nm":"00:00:47","sr":1,"ks":{"o":{"a":0,"k":100,"ix":11},"r":{"a":0,"k":0,"ix":10},"p":{"a":0,"k":[-1.289,16.46,0],"ix":2},"a":{"a":0,"k":[0,0,0],"ix":1},"s":{"a":0,"k":[145.455,145.455,100],"ix":6}},"ao":0,"t":{"d":{"k":[{"s":{"s":16,"f":"FiraSans-Regular","t":"00:00:57","j":0,"tr":0,"lh":19.2,"ls":-1,"fc":[0.996,0.38,0.38]},"t":0}]},"p":{},"m":{"g":1,"a":{"a":0,"k":[0,0],"ix":2}},"a":[]},"ip":1710,"op":1740,"st":1710,"bm":0},{"ddd":0,"ind":65,"ty":5,"nm":"00:00:46","sr":1,"ks":{"o":{"a":0,"k":100,"ix":11},"r":{"a":0,"k":0,"ix":10},"p":{"a":0,"k":[-1.289,16.46,0],"ix":2},"a":{"a":0,"k":[0,0,0],"ix":1},"s":{"a":0,"k":[145.455,145.455,100],"ix":6}},"ao":0,"t":{"d":{"k":[{"s":{"s":16,"f":"FiraSans-Regular","t":"00:00:56","j":0,"tr":0,"lh":19.2,"ls":-1,"fc":[0.996,0.38,0.38]},"t":0}]},"p":{},"m":{"g":1,"a":{"a":0,"k":[0,0],"ix":2}},"a":[]},"ip":1680,"op":1710,"st":1680,"bm":0},{"ddd":0,"ind":66,"ty":5,"nm":"00:00:105","sr":1,"ks":{"o":{"a":0,"k":100,"ix":11},"r":{"a":0,"k":0,"ix":10},"p":{"a":0,"k":[-1.289,16.46,0],"ix":2},"a":{"a":0,"k":[0,0,0],"ix":1},"s":{"a":0,"k":[145.455,145.455,100],"ix":6}},"ao":0,"t":{"d":{"k":[{"s":{"s":16,"f":"FiraSans-Regular","t":"00:00:55","j":0,"tr":0,"lh":19.2,"ls":-1,"fc":[0.996,0.38,0.38]},"t":0}]},"p":{},"m":{"g":1,"a":{"a":0,"k":[0,0],"ix":2}},"a":[]},"ip":1650,"op":1680,"st":1650,"bm":0},{"ddd":0,"ind":67,"ty":5,"nm":"00:00:54 ","sr":1,"ks":{"o":{"a":0,"k":100,"ix":11},"r":{"a":0,"k":0,"ix":10},"p":{"a":0,"k":[-1.289,16.46,0],"ix":2},"a":{"a":0,"k":[0,0,0],"ix":1},"s":{"a":0,"k":[145.455,145.455,100],"ix":6}},"ao":0,"t":{"d":{"k":[{"s":{"s":16,"f":"FiraSans-Regular","t":"00:00:54\r","j":0,"tr":0,"lh":19.2,"ls":-1,"fc":[0.996,0.38,0.38]},"t":0}]},"p":{},"m":{"g":1,"a":{"a":0,"k":[0,0],"ix":2}},"a":[]},"ip":1620,"op":1650,"st":1620,"bm":0},{"ddd":0,"ind":68,"ty":5,"nm":"00:00:44","sr":1,"ks":{"o":{"a":0,"k":100,"ix":11},"r":{"a":0,"k":0,"ix":10},"p":{"a":0,"k":[-1.289,16.46,0],"ix":2},"a":{"a":0,"k":[0,0,0],"ix":1},"s":{"a":0,"k":[145.455,145.455,100],"ix":6}},"ao":0,"t":{"d":{"k":[{"s":{"s":16,"f":"FiraSans-Regular","t":"00:00:53","j":0,"tr":0,"lh":19.2,"ls":-1,"fc":[0.996,0.38,0.38]},"t":0}]},"p":{},"m":{"g":1,"a":{"a":0,"k":[0,0],"ix":2}},"a":[]},"ip":1590,"op":1620,"st":1590,"bm":0},{"ddd":0,"ind":69,"ty":5,"nm":"00:00:43","sr":1,"ks":{"o":{"a":0,"k":100,"ix":11},"r":{"a":0,"k":0,"ix":10},"p":{"a":0,"k":[-1.289,16.46,0],"ix":2},"a":{"a":0,"k":[0,0,0],"ix":1},"s":{"a":0,"k":[145.455,145.455,100],"ix":6}},"ao":0,"t":{"d":{"k":[{"s":{"s":16,"f":"FiraSans-Regular","t":"00:00:52","j":0,"tr":0,"lh":19.2,"ls":-1,"fc":[0.996,0.38,0.38]},"t":0}]},"p":{},"m":{"g":1,"a":{"a":0,"k":[0,0],"ix":2}},"a":[]},"ip":1560,"op":1590,"st":1560,"bm":0},{"ddd":0,"ind":70,"ty":5,"nm":"00:00:42","sr":1,"ks":{"o":{"a":0,"k":100,"ix":11},"r":{"a":0,"k":0,"ix":10},"p":{"a":0,"k":[-1.289,16.46,0],"ix":2},"a":{"a":0,"k":[0,0,0],"ix":1},"s":{"a":0,"k":[145.455,145.455,100],"ix":6}},"ao":0,"t":{"d":{"k":[{"s":{"s":16,"f":"FiraSans-Regular","t":"00:00:51","j":0,"tr":0,"lh":19.2,"ls":-1,"fc":[0.996,0.38,0.38]},"t":0}]},"p":{},"m":{"g":1,"a":{"a":0,"k":[0,0],"ix":2}},"a":[]},"ip":1530,"op":1560,"st":1530,"bm":0},{"ddd":0,"ind":71,"ty":5,"nm":"00:00:41","sr":1,"ks":{"o":{"a":0,"k":100,"ix":11},"r":{"a":0,"k":0,"ix":10},"p":{"a":0,"k":[-1.289,16.46,0],"ix":2},"a":{"a":0,"k":[0,0,0],"ix":1},"s":{"a":0,"k":[145.455,145.455,100],"ix":6}},"ao":0,"t":{"d":{"k":[{"s":{"s":16,"f":"FiraSans-Regular","t":"00:00:50","j":0,"tr":0,"lh":19.2,"ls":-1,"fc":[0.996,0.38,0.38]},"t":0}]},"p":{},"m":{"g":1,"a":{"a":0,"k":[0,0],"ix":2}},"a":[]},"ip":1500,"op":1530,"st":1500,"bm":0},{"ddd":0,"ind":72,"ty":5,"nm":"00:00:104","sr":1,"ks":{"o":{"a":0,"k":100,"ix":11},"r":{"a":0,"k":0,"ix":10},"p":{"a":0,"k":[-1.289,16.46,0],"ix":2},"a":{"a":0,"k":[0,0,0],"ix":1},"s":{"a":0,"k":[145.455,145.455,100],"ix":6}},"ao":0,"t":{"d":{"k":[{"s":{"s":16,"f":"FiraSans-Regular","t":"00:00:49","j":0,"tr":0,"lh":19.2,"ls":-1,"fc":[0.996,0.38,0.38]},"t":0}]},"p":{},"m":{"g":1,"a":{"a":0,"k":[0,0],"ix":2}},"a":[]},"ip":1470,"op":1500,"st":1470,"bm":0},{"ddd":0,"ind":73,"ty":5,"nm":"00:00:48 ","sr":1,"ks":{"o":{"a":0,"k":100,"ix":11},"r":{"a":0,"k":0,"ix":10},"p":{"a":0,"k":[-1.289,16.46,0],"ix":2},"a":{"a":0,"k":[0,0,0],"ix":1},"s":{"a":0,"k":[145.455,145.455,100],"ix":6}},"ao":0,"t":{"d":{"k":[{"s":{"s":16,"f":"FiraSans-Regular","t":"00:00:48\r","j":0,"tr":0,"lh":19.2,"ls":-1,"fc":[0.996,0.38,0.38]},"t":0}]},"p":{},"m":{"g":1,"a":{"a":0,"k":[0,0],"ix":2}},"a":[]},"ip":1440,"op":1470,"st":1440,"bm":0},{"ddd":0,"ind":74,"ty":5,"nm":"00:00:47 ","sr":1,"ks":{"o":{"a":0,"k":100,"ix":11},"r":{"a":0,"k":0,"ix":10},"p":{"a":0,"k":[-1.289,16.46,0],"ix":2},"a":{"a":0,"k":[0,0,0],"ix":1},"s":{"a":0,"k":[145.455,145.455,100],"ix":6}},"ao":0,"t":{"d":{"k":[{"s":{"s":16,"f":"FiraSans-Regular","t":"00:00:47\r","j":0,"tr":0,"lh":19.2,"ls":-1,"fc":[0.996,0.38,0.38]},"t":0}]},"p":{},"m":{"g":1,"a":{"a":0,"k":[0,0],"ix":2}},"a":[]},"ip":1410,"op":1440,"st":1410,"bm":0},{"ddd":0,"ind":75,"ty":5,"nm":"00:00:39","sr":1,"ks":{"o":{"a":0,"k":100,"ix":11},"r":{"a":0,"k":0,"ix":10},"p":{"a":0,"k":[-1.289,16.46,0],"ix":2},"a":{"a":0,"k":[0,0,0],"ix":1},"s":{"a":0,"k":[145.455,145.455,100],"ix":6}},"ao":0,"t":{"d":{"k":[{"s":{"s":16,"f":"FiraSans-Regular","t":"00:00:46","j":0,"tr":0,"lh":19.2,"ls":-1,"fc":[0.996,0.38,0.38]},"t":0}]},"p":{},"m":{"g":1,"a":{"a":0,"k":[0,0],"ix":2}},"a":[]},"ip":1380,"op":1410,"st":1380,"bm":0},{"ddd":0,"ind":76,"ty":5,"nm":"00:00:38","sr":1,"ks":{"o":{"a":0,"k":100,"ix":11},"r":{"a":0,"k":0,"ix":10},"p":{"a":0,"k":[-1.289,16.46,0],"ix":2},"a":{"a":0,"k":[0,0,0],"ix":1},"s":{"a":0,"k":[145.455,145.455,100],"ix":6}},"ao":0,"t":{"d":{"k":[{"s":{"s":16,"f":"FiraSans-Regular","t":"00:00:45","j":0,"tr":0,"lh":19.2,"ls":-1,"fc":[0.996,0.38,0.38]},"t":0}]},"p":{},"m":{"g":1,"a":{"a":0,"k":[0,0],"ix":2}},"a":[]},"ip":1350,"op":1380,"st":1350,"bm":0},{"ddd":0,"ind":77,"ty":5,"nm":"00:00:37","sr":1,"ks":{"o":{"a":0,"k":100,"ix":11},"r":{"a":0,"k":0,"ix":10},"p":{"a":0,"k":[-1.289,16.46,0],"ix":2},"a":{"a":0,"k":[0,0,0],"ix":1},"s":{"a":0,"k":[145.455,145.455,100],"ix":6}},"ao":0,"t":{"d":{"k":[{"s":{"s":16,"f":"FiraSans-Regular","t":"00:00:44","j":0,"tr":0,"lh":19.2,"ls":-1,"fc":[0.996,0.38,0.38]},"t":0}]},"p":{},"m":{"g":1,"a":{"a":0,"k":[0,0],"ix":2}},"a":[]},"ip":1320,"op":1350,"st":1320,"bm":0},{"ddd":0,"ind":78,"ty":5,"nm":"00:00:36","sr":1,"ks":{"o":{"a":0,"k":100,"ix":11},"r":{"a":0,"k":0,"ix":10},"p":{"a":0,"k":[-1.289,16.46,0],"ix":2},"a":{"a":0,"k":[0,0,0],"ix":1},"s":{"a":0,"k":[145.455,145.455,100],"ix":6}},"ao":0,"t":{"d":{"k":[{"s":{"s":16,"f":"FiraSans-Regular","t":"00:00:43","j":0,"tr":0,"lh":19.2,"ls":-1,"fc":[0.996,0.38,0.38]},"t":0}]},"p":{},"m":{"g":1,"a":{"a":0,"k":[0,0],"ix":2}},"a":[]},"ip":1290,"op":1320,"st":1290,"bm":0},{"ddd":0,"ind":79,"ty":5,"nm":"00:00:103","sr":1,"ks":{"o":{"a":0,"k":100,"ix":11},"r":{"a":0,"k":0,"ix":10},"p":{"a":0,"k":[-1.289,16.46,0],"ix":2},"a":{"a":0,"k":[0,0,0],"ix":1},"s":{"a":0,"k":[145.455,145.455,100],"ix":6}},"ao":0,"t":{"d":{"k":[{"s":{"s":16,"f":"FiraSans-Regular","t":"00:00:42","j":0,"tr":0,"lh":19.2,"ls":-1,"fc":[0.996,0.38,0.38]},"t":0}]},"p":{},"m":{"g":1,"a":{"a":0,"k":[0,0],"ix":2}},"a":[]},"ip":1260,"op":1290,"st":1260,"bm":0},{"ddd":0,"ind":80,"ty":5,"nm":"00:00:41 ","sr":1,"ks":{"o":{"a":0,"k":100,"ix":11},"r":{"a":0,"k":0,"ix":10},"p":{"a":0,"k":[-1.289,16.46,0],"ix":2},"a":{"a":0,"k":[0,0,0],"ix":1},"s":{"a":0,"k":[145.455,145.455,100],"ix":6}},"ao":0,"t":{"d":{"k":[{"s":{"s":16,"f":"FiraSans-Regular","t":"00:00:41\r","j":0,"tr":0,"lh":19.2,"ls":-1,"fc":[0.996,0.38,0.38]},"t":0}]},"p":{},"m":{"g":1,"a":{"a":0,"k":[0,0],"ix":2}},"a":[]},"ip":1230,"op":1260,"st":1230,"bm":0},{"ddd":0,"ind":81,"ty":5,"nm":"00:00:34","sr":1,"ks":{"o":{"a":0,"k":100,"ix":11},"r":{"a":0,"k":0,"ix":10},"p":{"a":0,"k":[-1.289,16.46,0],"ix":2},"a":{"a":0,"k":[0,0,0],"ix":1},"s":{"a":0,"k":[145.455,145.455,100],"ix":6}},"ao":0,"t":{"d":{"k":[{"s":{"s":16,"f":"FiraSans-Regular","t":"00:00:40","j":0,"tr":0,"lh":19.2,"ls":-1,"fc":[0.996,0.38,0.38]},"t":0}]},"p":{},"m":{"g":1,"a":{"a":0,"k":[0,0],"ix":2}},"a":[]},"ip":1200,"op":1230,"st":1200,"bm":0},{"ddd":0,"ind":82,"ty":5,"nm":"00:00:33","sr":1,"ks":{"o":{"a":0,"k":100,"ix":11},"r":{"a":0,"k":0,"ix":10},"p":{"a":0,"k":[-1.289,16.46,0],"ix":2},"a":{"a":0,"k":[0,0,0],"ix":1},"s":{"a":0,"k":[145.455,145.455,100],"ix":6}},"ao":0,"t":{"d":{"k":[{"s":{"s":16,"f":"FiraSans-Regular","t":"00:00:39","j":0,"tr":0,"lh":19.2,"ls":-1,"fc":[0.996,0.38,0.38]},"t":0}]},"p":{},"m":{"g":1,"a":{"a":0,"k":[0,0],"ix":2}},"a":[]},"ip":1170,"op":1200,"st":1170,"bm":0},{"ddd":0,"ind":83,"ty":5,"nm":"00:00:32","sr":1,"ks":{"o":{"a":0,"k":100,"ix":11},"r":{"a":0,"k":0,"ix":10},"p":{"a":0,"k":[-1.289,16.46,0],"ix":2},"a":{"a":0,"k":[0,0,0],"ix":1},"s":{"a":0,"k":[145.455,145.455,100],"ix":6}},"ao":0,"t":{"d":{"k":[{"s":{"s":16,"f":"FiraSans-Regular","t":"00:00:38","j":0,"tr":0,"lh":19.2,"ls":-1,"fc":[0.996,0.38,0.38]},"t":0}]},"p":{},"m":{"g":1,"a":{"a":0,"k":[0,0],"ix":2}},"a":[]},"ip":1140,"op":1170,"st":1140,"bm":0},{"ddd":0,"ind":84,"ty":5,"nm":"00:00:31","sr":1,"ks":{"o":{"a":0,"k":100,"ix":11},"r":{"a":0,"k":0,"ix":10},"p":{"a":0,"k":[-1.289,16.46,0],"ix":2},"a":{"a":0,"k":[0,0,0],"ix":1},"s":{"a":0,"k":[145.455,145.455,100],"ix":6}},"ao":0,"t":{"d":{"k":[{"s":{"s":16,"f":"FiraSans-Regular","t":"00:00:37","j":0,"tr":0,"lh":19.2,"ls":-1,"fc":[0.996,0.38,0.38]},"t":0}]},"p":{},"m":{"g":1,"a":{"a":0,"k":[0,0],"ix":2}},"a":[]},"ip":1110,"op":1140,"st":1110,"bm":0},{"ddd":0,"ind":85,"ty":5,"nm":"00:00:102","sr":1,"ks":{"o":{"a":0,"k":100,"ix":11},"r":{"a":0,"k":0,"ix":10},"p":{"a":0,"k":[-1.289,16.46,0],"ix":2},"a":{"a":0,"k":[0,0,0],"ix":1},"s":{"a":0,"k":[145.455,145.455,100],"ix":6}},"ao":0,"t":{"d":{"k":[{"s":{"s":16,"f":"FiraSans-Regular","t":"00:00:36","j":0,"tr":0,"lh":19.2,"ls":-1,"fc":[0.996,0.38,0.38]},"t":0}]},"p":{},"m":{"g":1,"a":{"a":0,"k":[0,0],"ix":2}},"a":[]},"ip":1080,"op":1110,"st":1080,"bm":0},{"ddd":0,"ind":86,"ty":5,"nm":"00:00:35 ","sr":1,"ks":{"o":{"a":0,"k":100,"ix":11},"r":{"a":0,"k":0,"ix":10},"p":{"a":0,"k":[-1.289,16.46,0],"ix":2},"a":{"a":0,"k":[0,0,0],"ix":1},"s":{"a":0,"k":[145.455,145.455,100],"ix":6}},"ao":0,"t":{"d":{"k":[{"s":{"s":16,"f":"FiraSans-Regular","t":"00:00:35\r","j":0,"tr":0,"lh":19.2,"ls":-1,"fc":[0.996,0.38,0.38]},"t":0}]},"p":{},"m":{"g":1,"a":{"a":0,"k":[0,0],"ix":2}},"a":[]},"ip":1050,"op":1080,"st":1050,"bm":0},{"ddd":0,"ind":87,"ty":5,"nm":"00:00:29","sr":1,"ks":{"o":{"a":0,"k":100,"ix":11},"r":{"a":0,"k":0,"ix":10},"p":{"a":0,"k":[-1.289,16.46,0],"ix":2},"a":{"a":0,"k":[0,0,0],"ix":1},"s":{"a":0,"k":[145.455,145.455,100],"ix":6}},"ao":0,"t":{"d":{"k":[{"s":{"s":16,"f":"FiraSans-Regular","t":"00:00:34","j":0,"tr":0,"lh":19.2,"ls":-1,"fc":[0.996,0.38,0.38]},"t":0}]},"p":{},"m":{"g":1,"a":{"a":0,"k":[0,0],"ix":2}},"a":[]},"ip":1020,"op":1050,"st":1020,"bm":0},{"ddd":0,"ind":88,"ty":5,"nm":"00:00:28","sr":1,"ks":{"o":{"a":0,"k":100,"ix":11},"r":{"a":0,"k":0,"ix":10},"p":{"a":0,"k":[-1.289,16.46,0],"ix":2},"a":{"a":0,"k":[0,0,0],"ix":1},"s":{"a":0,"k":[145.455,145.455,100],"ix":6}},"ao":0,"t":{"d":{"k":[{"s":{"s":16,"f":"FiraSans-Regular","t":"00:00:33","j":0,"tr":0,"lh":19.2,"ls":-1,"fc":[0.996,0.38,0.38]},"t":0}]},"p":{},"m":{"g":1,"a":{"a":0,"k":[0,0],"ix":2}},"a":[]},"ip":990,"op":1020,"st":990,"bm":0},{"ddd":0,"ind":89,"ty":5,"nm":"00:00:27","sr":1,"ks":{"o":{"a":0,"k":100,"ix":11},"r":{"a":0,"k":0,"ix":10},"p":{"a":0,"k":[-1.289,16.46,0],"ix":2},"a":{"a":0,"k":[0,0,0],"ix":1},"s":{"a":0,"k":[145.455,145.455,100],"ix":6}},"ao":0,"t":{"d":{"k":[{"s":{"s":16,"f":"FiraSans-Regular","t":"00:00:32","j":0,"tr":0,"lh":19.2,"ls":-1,"fc":[0.996,0.38,0.38]},"t":0}]},"p":{},"m":{"g":1,"a":{"a":0,"k":[0,0],"ix":2}},"a":[]},"ip":960,"op":990,"st":960,"bm":0},{"ddd":0,"ind":90,"ty":5,"nm":"00:00:26","sr":1,"ks":{"o":{"a":0,"k":100,"ix":11},"r":{"a":0,"k":0,"ix":10},"p":{"a":0,"k":[-1.289,16.46,0],"ix":2},"a":{"a":0,"k":[0,0,0],"ix":1},"s":{"a":0,"k":[145.455,145.455,100],"ix":6}},"ao":0,"t":{"d":{"k":[{"s":{"s":16,"f":"FiraSans-Regular","t":"00:00:31","j":0,"tr":0,"lh":19.2,"ls":-1,"fc":[0.996,0.38,0.38]},"t":0}]},"p":{},"m":{"g":1,"a":{"a":0,"k":[0,0],"ix":2}},"a":[]},"ip":930,"op":960,"st":930,"bm":0},{"ddd":0,"ind":91,"ty":5,"nm":"00:00:101","sr":1,"ks":{"o":{"a":0,"k":100,"ix":11},"r":{"a":0,"k":0,"ix":10},"p":{"a":0,"k":[-1.289,16.46,0],"ix":2},"a":{"a":0,"k":[0,0,0],"ix":1},"s":{"a":0,"k":[145.455,145.455,100],"ix":6}},"ao":0,"t":{"d":{"k":[{"s":{"s":16,"f":"FiraSans-Regular","t":"00:00:30","j":0,"tr":0,"lh":19.2,"ls":-1,"fc":[0.996,0.38,0.38]},"t":0}]},"p":{},"m":{"g":1,"a":{"a":0,"k":[0,0],"ix":2}},"a":[]},"ip":900,"op":930,"st":900,"bm":0},{"ddd":0,"ind":92,"ty":5,"nm":"00:00:29 ","sr":1,"ks":{"o":{"a":0,"k":100,"ix":11},"r":{"a":0,"k":0,"ix":10},"p":{"a":0,"k":[-1.289,16.46,0],"ix":2},"a":{"a":0,"k":[0,0,0],"ix":1},"s":{"a":0,"k":[145.455,145.455,100],"ix":6}},"ao":0,"t":{"d":{"k":[{"s":{"s":16,"f":"FiraSans-Regular","t":"00:00:29\r","j":0,"tr":0,"lh":19.2,"ls":-1,"fc":[0.996,0.38,0.38]},"t":0}]},"p":{},"m":{"g":1,"a":{"a":0,"k":[0,0],"ix":2}},"a":[]},"ip":870,"op":900,"st":870,"bm":0},{"ddd":0,"ind":93,"ty":5,"nm":"00:00:24","sr":1,"ks":{"o":{"a":0,"k":100,"ix":11},"r":{"a":0,"k":0,"ix":10},"p":{"a":0,"k":[-1.289,16.46,0],"ix":2},"a":{"a":0,"k":[0,0,0],"ix":1},"s":{"a":0,"k":[145.455,145.455,100],"ix":6}},"ao":0,"t":{"d":{"k":[{"s":{"s":16,"f":"FiraSans-Regular","t":"00:00:28","j":0,"tr":0,"lh":19.2,"ls":-1,"fc":[0.996,0.38,0.38]},"t":0}]},"p":{},"m":{"g":1,"a":{"a":0,"k":[0,0],"ix":2}},"a":[]},"ip":840,"op":870,"st":840,"bm":0},{"ddd":0,"ind":94,"ty":5,"nm":"00:00:23","sr":1,"ks":{"o":{"a":0,"k":100,"ix":11},"r":{"a":0,"k":0,"ix":10},"p":{"a":0,"k":[-1.289,16.46,0],"ix":2},"a":{"a":0,"k":[0,0,0],"ix":1},"s":{"a":0,"k":[145.455,145.455,100],"ix":6}},"ao":0,"t":{"d":{"k":[{"s":{"s":16,"f":"FiraSans-Regular","t":"00:00:27","j":0,"tr":0,"lh":19.2,"ls":-1,"fc":[0.996,0.38,0.38]},"t":0}]},"p":{},"m":{"g":1,"a":{"a":0,"k":[0,0],"ix":2}},"a":[]},"ip":810,"op":840,"st":810,"bm":0},{"ddd":0,"ind":95,"ty":5,"nm":"00:00:22","sr":1,"ks":{"o":{"a":0,"k":100,"ix":11},"r":{"a":0,"k":0,"ix":10},"p":{"a":0,"k":[-1.289,16.46,0],"ix":2},"a":{"a":0,"k":[0,0,0],"ix":1},"s":{"a":0,"k":[145.455,145.455,100],"ix":6}},"ao":0,"t":{"d":{"k":[{"s":{"s":16,"f":"FiraSans-Regular","t":"00:00:26","j":0,"tr":0,"lh":19.2,"ls":-1,"fc":[0.996,0.38,0.38]},"t":0}]},"p":{},"m":{"g":1,"a":{"a":0,"k":[0,0],"ix":2}},"a":[]},"ip":780,"op":810,"st":780,"bm":0},{"ddd":0,"ind":96,"ty":5,"nm":"00:00:21","sr":1,"ks":{"o":{"a":0,"k":100,"ix":11},"r":{"a":0,"k":0,"ix":10},"p":{"a":0,"k":[-1.289,16.46,0],"ix":2},"a":{"a":0,"k":[0,0,0],"ix":1},"s":{"a":0,"k":[145.455,145.455,100],"ix":6}},"ao":0,"t":{"d":{"k":[{"s":{"s":16,"f":"FiraSans-Regular","t":"00:00:25","j":0,"tr":0,"lh":19.2,"ls":-1,"fc":[0.996,0.38,0.38]},"t":0}]},"p":{},"m":{"g":1,"a":{"a":0,"k":[0,0],"ix":2}},"a":[]},"ip":750,"op":780,"st":750,"bm":0},{"ddd":0,"ind":97,"ty":5,"nm":"00:00:100","sr":1,"ks":{"o":{"a":0,"k":100,"ix":11},"r":{"a":0,"k":0,"ix":10},"p":{"a":0,"k":[-1.289,16.46,0],"ix":2},"a":{"a":0,"k":[0,0,0],"ix":1},"s":{"a":0,"k":[145.455,145.455,100],"ix":6}},"ao":0,"t":{"d":{"k":[{"s":{"s":16,"f":"FiraSans-Regular","t":"00:00:24","j":0,"tr":0,"lh":19.2,"ls":-1,"fc":[0.996,0.38,0.38]},"t":0}]},"p":{},"m":{"g":1,"a":{"a":0,"k":[0,0],"ix":2}},"a":[]},"ip":720,"op":750,"st":720,"bm":0},{"ddd":0,"ind":98,"ty":5,"nm":"00:00:23 ","sr":1,"ks":{"o":{"a":0,"k":100,"ix":11},"r":{"a":0,"k":0,"ix":10},"p":{"a":0,"k":[-1.289,16.46,0],"ix":2},"a":{"a":0,"k":[0,0,0],"ix":1},"s":{"a":0,"k":[145.455,145.455,100],"ix":6}},"ao":0,"t":{"d":{"k":[{"s":{"s":16,"f":"FiraSans-Regular","t":"00:00:23\r","j":0,"tr":0,"lh":19.2,"ls":-1,"fc":[0.996,0.38,0.38]},"t":0}]},"p":{},"m":{"g":1,"a":{"a":0,"k":[0,0],"ix":2}},"a":[]},"ip":690,"op":720,"st":690,"bm":0},{"ddd":0,"ind":99,"ty":5,"nm":"00:00:19","sr":1,"ks":{"o":{"a":0,"k":100,"ix":11},"r":{"a":0,"k":0,"ix":10},"p":{"a":0,"k":[-1.289,16.46,0],"ix":2},"a":{"a":0,"k":[0,0,0],"ix":1},"s":{"a":0,"k":[145.455,145.455,100],"ix":6}},"ao":0,"t":{"d":{"k":[{"s":{"s":16,"f":"FiraSans-Regular","t":"00:00:22","j":0,"tr":0,"lh":19.2,"ls":-1,"fc":[0.996,0.38,0.38]},"t":0}]},"p":{},"m":{"g":1,"a":{"a":0,"k":[0,0],"ix":2}},"a":[]},"ip":660,"op":690,"st":660,"bm":0},{"ddd":0,"ind":100,"ty":5,"nm":"00:00:18","sr":1,"ks":{"o":{"a":0,"k":100,"ix":11},"r":{"a":0,"k":0,"ix":10},"p":{"a":0,"k":[-1.289,16.46,0],"ix":2},"a":{"a":0,"k":[0,0,0],"ix":1},"s":{"a":0,"k":[145.455,145.455,100],"ix":6}},"ao":0,"t":{"d":{"k":[{"s":{"s":16,"f":"FiraSans-Regular","t":"00:00:21","j":0,"tr":0,"lh":19.2,"ls":-1,"fc":[0.996,0.38,0.38]},"t":0}]},"p":{},"m":{"g":1,"a":{"a":0,"k":[0,0],"ix":2}},"a":[]},"ip":630,"op":660,"st":630,"bm":0},{"ddd":0,"ind":101,"ty":5,"nm":"00:00:17","sr":1,"ks":{"o":{"a":0,"k":100,"ix":11},"r":{"a":0,"k":0,"ix":10},"p":{"a":0,"k":[-1.289,16.46,0],"ix":2},"a":{"a":0,"k":[0,0,0],"ix":1},"s":{"a":0,"k":[145.455,145.455,100],"ix":6}},"ao":0,"t":{"d":{"k":[{"s":{"s":16,"f":"FiraSans-Regular","t":"00:00:20","j":0,"tr":0,"lh":19.2,"ls":-1,"fc":[0.996,0.38,0.38]},"t":0}]},"p":{},"m":{"g":1,"a":{"a":0,"k":[0,0],"ix":2}},"a":[]},"ip":600,"op":630,"st":600,"bm":0},{"ddd":0,"ind":102,"ty":5,"nm":"00:00:16","sr":1,"ks":{"o":{"a":0,"k":100,"ix":11},"r":{"a":0,"k":0,"ix":10},"p":{"a":0,"k":[-1.289,16.46,0],"ix":2},"a":{"a":0,"k":[0,0,0],"ix":1},"s":{"a":0,"k":[145.455,145.455,100],"ix":6}},"ao":0,"t":{"d":{"k":[{"s":{"s":16,"f":"FiraSans-Regular","t":"00:00:19","j":0,"tr":0,"lh":19.2,"ls":-1,"fc":[0.996,0.38,0.38]},"t":0}]},"p":{},"m":{"g":1,"a":{"a":0,"k":[0,0],"ix":2}},"a":[]},"ip":570,"op":600,"st":570,"bm":0},{"ddd":0,"ind":103,"ty":5,"nm":"00:00:99","sr":1,"ks":{"o":{"a":0,"k":100,"ix":11},"r":{"a":0,"k":0,"ix":10},"p":{"a":0,"k":[-1.289,16.46,0],"ix":2},"a":{"a":0,"k":[0,0,0],"ix":1},"s":{"a":0,"k":[145.455,145.455,100],"ix":6}},"ao":0,"t":{"d":{"k":[{"s":{"s":16,"f":"FiraSans-Regular","t":"00:00:18","j":0,"tr":0,"lh":19.2,"ls":-1,"fc":[0.996,0.38,0.38]},"t":0}]},"p":{},"m":{"g":1,"a":{"a":0,"k":[0,0],"ix":2}},"a":[]},"ip":540,"op":570,"st":540,"bm":0},{"ddd":0,"ind":104,"ty":5,"nm":"00:00:17 ","sr":1,"ks":{"o":{"a":0,"k":100,"ix":11},"r":{"a":0,"k":0,"ix":10},"p":{"a":0,"k":[-1.289,16.46,0],"ix":2},"a":{"a":0,"k":[0,0,0],"ix":1},"s":{"a":0,"k":[145.455,145.455,100],"ix":6}},"ao":0,"t":{"d":{"k":[{"s":{"s":16,"f":"FiraSans-Regular","t":"00:00:17\r","j":0,"tr":0,"lh":19.2,"ls":-1,"fc":[0.996,0.38,0.38]},"t":0}]},"p":{},"m":{"g":1,"a":{"a":0,"k":[0,0],"ix":2}},"a":[]},"ip":510,"op":540,"st":510,"bm":0},{"ddd":0,"ind":105,"ty":5,"nm":"00:00:14","sr":1,"ks":{"o":{"a":0,"k":100,"ix":11},"r":{"a":0,"k":0,"ix":10},"p":{"a":0,"k":[-1.289,16.46,0],"ix":2},"a":{"a":0,"k":[0,0,0],"ix":1},"s":{"a":0,"k":[145.455,145.455,100],"ix":6}},"ao":0,"t":{"d":{"k":[{"s":{"s":16,"f":"FiraSans-Regular","t":"00:00:16","j":0,"tr":0,"lh":19.2,"ls":-1,"fc":[0.996,0.38,0.38]},"t":0}]},"p":{},"m":{"g":1,"a":{"a":0,"k":[0,0],"ix":2}},"a":[]},"ip":480,"op":510,"st":480,"bm":0},{"ddd":0,"ind":106,"ty":5,"nm":"00:00:13","sr":1,"ks":{"o":{"a":0,"k":100,"ix":11},"r":{"a":0,"k":0,"ix":10},"p":{"a":0,"k":[-1.289,16.46,0],"ix":2},"a":{"a":0,"k":[0,0,0],"ix":1},"s":{"a":0,"k":[145.455,145.455,100],"ix":6}},"ao":0,"t":{"d":{"k":[{"s":{"s":16,"f":"FiraSans-Regular","t":"00:00:15","j":0,"tr":0,"lh":19.2,"ls":-1,"fc":[0.996,0.38,0.38]},"t":0}]},"p":{},"m":{"g":1,"a":{"a":0,"k":[0,0],"ix":2}},"a":[]},"ip":450,"op":480,"st":450,"bm":0},{"ddd":0,"ind":107,"ty":5,"nm":"00:00:12","sr":1,"ks":{"o":{"a":0,"k":100,"ix":11},"r":{"a":0,"k":0,"ix":10},"p":{"a":0,"k":[-1.289,16.46,0],"ix":2},"a":{"a":0,"k":[0,0,0],"ix":1},"s":{"a":0,"k":[145.455,145.455,100],"ix":6}},"ao":0,"t":{"d":{"k":[{"s":{"s":16,"f":"FiraSans-Regular","t":"00:00:14","j":0,"tr":0,"lh":19.2,"ls":-1,"fc":[0.996,0.38,0.38]},"t":0}]},"p":{},"m":{"g":1,"a":{"a":0,"k":[0,0],"ix":2}},"a":[]},"ip":420,"op":450,"st":420,"bm":0},{"ddd":0,"ind":108,"ty":5,"nm":"00:00:11","sr":1,"ks":{"o":{"a":0,"k":100,"ix":11},"r":{"a":0,"k":0,"ix":10},"p":{"a":0,"k":[-1.289,16.46,0],"ix":2},"a":{"a":0,"k":[0,0,0],"ix":1},"s":{"a":0,"k":[145.455,145.455,100],"ix":6}},"ao":0,"t":{"d":{"k":[{"s":{"s":16,"f":"FiraSans-Regular","t":"00:00:13","j":0,"tr":0,"lh":19.2,"ls":-1,"fc":[0.996,0.38,0.38]},"t":0}]},"p":{},"m":{"g":1,"a":{"a":0,"k":[0,0],"ix":2}},"a":[]},"ip":390,"op":420,"st":390,"bm":0},{"ddd":0,"ind":109,"ty":5,"nm":"00:00:98","sr":1,"ks":{"o":{"a":0,"k":100,"ix":11},"r":{"a":0,"k":0,"ix":10},"p":{"a":0,"k":[-1.289,16.46,0],"ix":2},"a":{"a":0,"k":[0,0,0],"ix":1},"s":{"a":0,"k":[145.455,145.455,100],"ix":6}},"ao":0,"t":{"d":{"k":[{"s":{"s":16,"f":"FiraSans-Regular","t":"00:00:12","j":0,"tr":0,"lh":19.2,"ls":-1,"fc":[0.996,0.38,0.38]},"t":0}]},"p":{},"m":{"g":1,"a":{"a":0,"k":[0,0],"ix":2}},"a":[]},"ip":360,"op":390,"st":360,"bm":0},{"ddd":0,"ind":110,"ty":5,"nm":"00:00:11 ","sr":1,"ks":{"o":{"a":0,"k":100,"ix":11},"r":{"a":0,"k":0,"ix":10},"p":{"a":0,"k":[-1.289,16.46,0],"ix":2},"a":{"a":0,"k":[0,0,0],"ix":1},"s":{"a":0,"k":[145.455,145.455,100],"ix":6}},"ao":0,"t":{"d":{"k":[{"s":{"s":16,"f":"FiraSans-Regular","t":"00:00:11\r","j":0,"tr":0,"lh":19.2,"ls":-1,"fc":[0.996,0.38,0.38]},"t":0}]},"p":{},"m":{"g":1,"a":{"a":0,"k":[0,0],"ix":2}},"a":[]},"ip":330,"op":360,"st":330,"bm":0},{"ddd":0,"ind":111,"ty":5,"nm":"00:00:09","sr":1,"ks":{"o":{"a":0,"k":100,"ix":11},"r":{"a":0,"k":0,"ix":10},"p":{"a":0,"k":[-1.289,16.46,0],"ix":2},"a":{"a":0,"k":[0,0,0],"ix":1},"s":{"a":0,"k":[145.455,145.455,100],"ix":6}},"ao":0,"t":{"d":{"k":[{"s":{"s":16,"f":"FiraSans-Regular","t":"00:00:10","j":0,"tr":0,"lh":19.2,"ls":-1,"fc":[0.996,0.38,0.38]},"t":0}]},"p":{},"m":{"g":1,"a":{"a":0,"k":[0,0],"ix":2}},"a":[]},"ip":300,"op":330,"st":300,"bm":0},{"ddd":0,"ind":112,"ty":5,"nm":"00:00:08","sr":1,"ks":{"o":{"a":0,"k":100,"ix":11},"r":{"a":0,"k":0,"ix":10},"p":{"a":0,"k":[-1.289,16.46,0],"ix":2},"a":{"a":0,"k":[0,0,0],"ix":1},"s":{"a":0,"k":[145.455,145.455,100],"ix":6}},"ao":0,"t":{"d":{"k":[{"s":{"s":16,"f":"FiraSans-Regular","t":"00:00:09","j":0,"tr":0,"lh":19.2,"ls":-1,"fc":[0.996,0.38,0.38]},"t":0}]},"p":{},"m":{"g":1,"a":{"a":0,"k":[0,0],"ix":2}},"a":[]},"ip":270,"op":300,"st":270,"bm":0},{"ddd":0,"ind":113,"ty":5,"nm":"00:00:07","sr":1,"ks":{"o":{"a":0,"k":100,"ix":11},"r":{"a":0,"k":0,"ix":10},"p":{"a":0,"k":[-1.289,16.46,0],"ix":2},"a":{"a":0,"k":[0,0,0],"ix":1},"s":{"a":0,"k":[145.455,145.455,100],"ix":6}},"ao":0,"t":{"d":{"k":[{"s":{"s":16,"f":"FiraSans-Regular","t":"00:00:08","j":0,"tr":0,"lh":19.2,"ls":-1,"fc":[0.996,0.38,0.38]},"t":0}]},"p":{},"m":{"g":1,"a":{"a":0,"k":[0,0],"ix":2}},"a":[]},"ip":240,"op":270,"st":240,"bm":0},{"ddd":0,"ind":114,"ty":5,"nm":"00:00:06","sr":1,"ks":{"o":{"a":0,"k":100,"ix":11},"r":{"a":0,"k":0,"ix":10},"p":{"a":0,"k":[-1.289,16.46,0],"ix":2},"a":{"a":0,"k":[0,0,0],"ix":1},"s":{"a":0,"k":[145.455,145.455,100],"ix":6}},"ao":0,"t":{"d":{"k":[{"s":{"s":16,"f":"FiraSans-Regular","t":"00:00:07","j":0,"tr":0,"lh":19.2,"ls":-1,"fc":[0.996,0.38,0.38]},"t":0}]},"p":{},"m":{"g":1,"a":{"a":0,"k":[0,0],"ix":2}},"a":[]},"ip":210,"op":240,"st":210,"bm":0},{"ddd":0,"ind":115,"ty":5,"nm":"00:00:97","sr":1,"ks":{"o":{"a":0,"k":100,"ix":11},"r":{"a":0,"k":0,"ix":10},"p":{"a":0,"k":[-1.289,16.46,0],"ix":2},"a":{"a":0,"k":[0,0,0],"ix":1},"s":{"a":0,"k":[145.455,145.455,100],"ix":6}},"ao":0,"t":{"d":{"k":[{"s":{"s":16,"f":"FiraSans-Regular","t":"00:00:06","j":0,"tr":0,"lh":19.2,"ls":-1,"fc":[0.996,0.38,0.38]},"t":0}]},"p":{},"m":{"g":1,"a":{"a":0,"k":[0,0],"ix":2}},"a":[]},"ip":180,"op":210,"st":180,"bm":0},{"ddd":0,"ind":116,"ty":5,"nm":"00:00:05 ","sr":1,"ks":{"o":{"a":0,"k":100,"ix":11},"r":{"a":0,"k":0,"ix":10},"p":{"a":0,"k":[-1.289,16.46,0],"ix":2},"a":{"a":0,"k":[0,0,0],"ix":1},"s":{"a":0,"k":[145.455,145.455,100],"ix":6}},"ao":0,"t":{"d":{"k":[{"s":{"s":16,"f":"FiraSans-Regular","t":"00:00:05\r","j":0,"tr":0,"lh":19.2,"ls":-1,"fc":[0.996,0.38,0.38]},"t":0}]},"p":{},"m":{"g":1,"a":{"a":0,"k":[0,0],"ix":2}},"a":[]},"ip":150,"op":180,"st":150,"bm":0},{"ddd":0,"ind":117,"ty":5,"nm":"00:00:04","sr":1,"ks":{"o":{"a":0,"k":100,"ix":11},"r":{"a":0,"k":0,"ix":10},"p":{"a":0,"k":[-1.289,16.46,0],"ix":2},"a":{"a":0,"k":[0,0,0],"ix":1},"s":{"a":0,"k":[145.455,145.455,100],"ix":6}},"ao":0,"t":{"d":{"k":[{"s":{"s":16,"f":"FiraSans-Regular","t":"00:00:04","j":0,"tr":0,"lh":19.2,"ls":-1,"fc":[0.996,0.38,0.38]},"t":0}]},"p":{},"m":{"g":1,"a":{"a":0,"k":[0,0],"ix":2}},"a":[]},"ip":120,"op":150,"st":120,"bm":0},{"ddd":0,"ind":118,"ty":5,"nm":"00:00:03","sr":1,"ks":{"o":{"a":0,"k":100,"ix":11},"r":{"a":0,"k":0,"ix":10},"p":{"a":0,"k":[-1.289,16.46,0],"ix":2},"a":{"a":0,"k":[0,0,0],"ix":1},"s":{"a":0,"k":[145.455,145.455,100],"ix":6}},"ao":0,"t":{"d":{"k":[{"s":{"s":16,"f":"FiraSans-Regular","t":"00:00:03","j":0,"tr":0,"lh":19.2,"ls":-1,"fc":[0.996,0.38,0.38]},"t":0}]},"p":{},"m":{"g":1,"a":{"a":0,"k":[0,0],"ix":2}},"a":[]},"ip":90,"op":120,"st":90,"bm":0},{"ddd":0,"ind":119,"ty":5,"nm":"00:00:02","sr":1,"ks":{"o":{"a":0,"k":100,"ix":11},"r":{"a":0,"k":0,"ix":10},"p":{"a":0,"k":[-1.289,16.46,0],"ix":2},"a":{"a":0,"k":[0,0,0],"ix":1},"s":{"a":0,"k":[145.455,145.455,100],"ix":6}},"ao":0,"t":{"d":{"k":[{"s":{"s":16,"f":"FiraSans-Regular","t":"00:00:02","j":0,"tr":0,"lh":19.2,"ls":-1,"fc":[0.996,0.38,0.38]},"t":0}]},"p":{},"m":{"g":1,"a":{"a":0,"k":[0,0],"ix":2}},"a":[]},"ip":60,"op":90,"st":60,"bm":0},{"ddd":0,"ind":120,"ty":5,"nm":"00:00:01","sr":1,"ks":{"o":{"a":0,"k":100,"ix":11},"r":{"a":0,"k":0,"ix":10},"p":{"a":0,"k":[-1.289,16.46,0],"ix":2},"a":{"a":0,"k":[0,0,0],"ix":1},"s":{"a":0,"k":[145.455,145.455,100],"ix":6}},"ao":0,"t":{"d":{"k":[{"s":{"s":16,"f":"FiraSans-Regular","t":"00:00:01","j":0,"tr":0,"lh":19.2,"ls":-1,"fc":[0.996,0.38,0.38]},"t":0}]},"p":{},"m":{"g":1,"a":{"a":0,"k":[0,0],"ix":2}},"a":[]},"ip":30,"op":60,"st":30,"bm":0},{"ddd":0,"ind":121,"ty":5,"nm":"00:00:00","sr":1,"ks":{"o":{"a":0,"k":100,"ix":11},"r":{"a":0,"k":0,"ix":10},"p":{"a":0,"k":[-1.289,16.46,0],"ix":2},"a":{"a":0,"k":[0,0,0],"ix":1},"s":{"a":0,"k":[145.455,145.455,100],"ix":6}},"ao":0,"t":{"d":{"k":[{"s":{"s":16,"f":"FiraSans-Regular","t":"00:00:00","j":0,"tr":0,"lh":19.2,"ls":-1,"fc":[0.996,0.38,0.38]},"t":0}]},"p":{},"m":{"g":1,"a":{"a":0,"k":[0,0],"ix":2}},"a":[]},"ip":0,"op":30,"st":0,"bm":0},{"ddd":0,"ind":122,"ty":1,"nm":"Weiß Farbfläche 1","sr":1,"ks":{"o":{"a":0,"k":100,"ix":11},"r":{"a":0,"k":0,"ix":10},"p":{"a":0,"k":[50,10,0],"ix":2},"a":{"a":0,"k":[80,20,0],"ix":1},"s":{"a":0,"k":[100,100,100],"ix":6}},"ao":0,"sw":160,"sh":40,"sc":"#ffffff","ip":0,"op":3600,"st":0,"bm":0}],"markers":[],"chars":[{"ch":"0","size":16,"style":"Regular","w":55.8,"data":{"shapes":[{"ty":"gr","it":[{"ind":0,"ty":"sh","ix":1,"ks":{"a":0,"k":{"i":[[15.106,0],[0,-22.357],[-15.106,0],[0,22.357]],"o":[[-15.106,0],[0,22.357],[15.106,0],[0,-22.256]],"v":[[28.098,-68.381],[5.539,-33.636],[28.098,1.208],[50.656,-33.636]],"c":true},"ix":2},"nm":"0","mn":"ADBE Vector Shape - Group","hd":false},{"ind":1,"ty":"sh","ix":2,"ks":{"a":0,"k":{"i":[[-8.459,0],[0,-19.739],[8.359,0],[0,19.839]],"o":[[8.359,0],[0,19.839],[-8.459,0],[0,-19.739]],"v":[[28.098,-61.029],[40.988,-33.636],[28.098,-6.143],[15.207,-33.636]],"c":true},"ix":2},"nm":"0","mn":"ADBE Vector Shape - Group","hd":false}],"nm":"0","np":5,"cix":2,"bm":0,"ix":1,"mn":"ADBE Vector Group","hd":false}]},"fFamily":"Fira Sans"},{"ch":":","size":16,"style":"Regular","w":24,"data":{"shapes":[{"ty":"gr","it":[{"ind":0,"ty":"sh","ix":1,"ks":{"a":0,"k":{"i":[[4.028,0],[0,-3.827],[-3.928,0],[0,3.928]],"o":[[-3.928,0],[0,3.928],[4.028,0],[0,-3.827]],"v":[[11.984,-49.85],[5.035,-42.902],[11.984,-35.852],[19.034,-42.902]],"c":true},"ix":2},"nm":":","mn":"ADBE Vector Shape - Group","hd":false},{"ind":1,"ty":"sh","ix":2,"ks":{"a":0,"k":{"i":[[4.028,0],[0,-3.827],[-3.928,0],[0,3.928]],"o":[[-3.928,0],[0,3.928],[4.028,0],[0,-3.827]],"v":[[11.984,-12.79],[5.035,-5.841],[11.984,1.208],[19.034,-5.841]],"c":true},"ix":2},"nm":":","mn":"ADBE Vector Shape - Group","hd":false}],"nm":":","np":5,"cix":2,"bm":0,"ix":1,"mn":"ADBE Vector Group","hd":false}]},"fFamily":"Fira Sans"},{"ch":"1","size":16,"style":"Regular","w":43.3,"data":{"shapes":[{"ty":"gr","it":[{"ind":0,"ty":"sh","ix":1,"ks":{"a":0,"k":{"i":[[0,0],[0,0],[0,0],[0,0],[0,0],[0,0],[0,0]],"o":[[0,0],[0,0],[0,0],[0,0],[0,0],[0,0],[0,0]],"v":[[32.529,-67.374],[24.371,-67.374],[3.525,-54.483],[7.553,-47.937],[23.264,-57.504],[23.264,0],[32.529,0]],"c":true},"ix":2},"nm":"1","mn":"ADBE Vector Shape - Group","hd":false}],"nm":"1","np":3,"cix":2,"bm":0,"ix":1,"mn":"ADBE Vector Group","hd":false}]},"fFamily":"Fira Sans"},{"ch":"2","size":16,"style":"Regular","w":49.5,"data":{"shapes":[{"ty":"gr","it":[{"ind":0,"ty":"sh","ix":1,"ks":{"a":0,"k":{"i":[[12.387,0],[5.438,-6.747],[0,0],[-5.64,0],[0,-7.05],[23.767,-24.774],[0,0],[0,0],[0,0],[0,0],[0,12.589]],"o":[[-8.459,0],[0,0],[4.33,-5.136],[6.546,0],[0,10.977],[0,0],[0,0],[0,0],[0,0],[20.645,-20.645],[0,-10.474]],"v":[[22.961,-68.381],[2.518,-58.209],[8.762,-53.375],[22.458,-60.727],[33.536,-49.548],[3.928,-7.352],[3.928,0],[43.707,0],[44.815,-7.755],[14.502,-7.755],[43.204,-49.951]],"c":true},"ix":2},"nm":"2","mn":"ADBE Vector Shape - Group","hd":false}],"nm":"2","np":3,"cix":2,"bm":0,"ix":1,"mn":"ADBE Vector Group","hd":false}]},"fFamily":"Fira Sans"},{"ch":"3","size":16,"style":"Regular","w":49.9,"data":{"shapes":[{"ty":"gr","it":[{"ind":0,"ty":"sh","ix":1,"ks":{"a":0,"k":{"i":[[12.891,0],[5.74,-5.338],[0,0],[-5.338,0],[0,-6.345],[6.647,0],[0,0],[0,0],[0,0],[0,-9.265],[8.459,0],[4.431,4.633],[0,0],[-8.057,0],[0,11.783],[8.459,0.806],[0,8.56]],"o":[[-7.251,0],[0,0],[4.532,-4.23],[6.747,0],[0,7.855],[0,0],[0,0],[0,0],[8.157,0],[0,7.956],[-5.438,0],[0,0],[5.136,6.143],[13.998,0],[0,-10.172],[7.553,-1.813],[0,-9.064]],"v":[[22.659,-68.381],[3.424,-60.425],[8.258,-54.886],[22.156,-60.928],[33.334,-50.656],[21.149,-38.773],[17.725,-38.773],[16.617,-31.622],[21.652,-31.622],[35.046,-19.537],[21.451,-6.345],[7.05,-12.991],[1.511,-7.855],[21.753,1.208],[44.714,-19.437],[29.507,-35.751],[42.599,-51.26]],"c":true},"ix":2},"nm":"3","mn":"ADBE Vector Shape - Group","hd":false}],"nm":"3","np":3,"cix":2,"bm":0,"ix":1,"mn":"ADBE Vector Group","hd":false}]},"fFamily":"Fira Sans"},{"ch":"4","size":16,"style":"Regular","w":53.2,"data":{"shapes":[{"ty":"gr","it":[{"ind":0,"ty":"sh","ix":1,"ks":{"a":0,"k":{"i":[[0,0],[0,0],[0,0],[0,0],[0,0],[0,0],[0,0],[0,0],[0,0],[0,0],[0,0],[0,0],[0,0],[0,0],[0,0]],"o":[[0,0],[0,0],[0,0],[0,0],[0,0],[0,0],[0,0],[0,0],[0,0],[0,0],[0,0],[0,0],[0,0],[0,0],[0,0]],"v":[[50.555,-23.969],[41.794,-23.969],[41.794,-42.096],[33.737,-42.096],[32.932,-23.969],[13.797,-23.969],[32.025,-65.158],[24.271,-68.381],[4.028,-23.264],[4.028,-16.617],[32.831,-16.617],[32.831,0],[41.794,0],[41.794,-16.617],[50.555,-16.617]],"c":true},"ix":2},"nm":"4","mn":"ADBE Vector Shape - Group","hd":false}],"nm":"4","np":3,"cix":2,"bm":0,"ix":1,"mn":"ADBE Vector Group","hd":false}]},"fFamily":"Fira Sans"},{"ch":"5","size":16,"style":"Regular","w":50.1,"data":{"shapes":[{"ty":"gr","it":[{"ind":0,"ty":"sh","ix":1,"ks":{"a":0,"k":{"i":[[0,0],[0,0],[0,0],[0,0],[-3.625,0],[0,-10.373],[8.459,0],[4.028,4.33],[0,0],[-8.56,0],[0,13.394],[11.38,0],[3.525,-1.813],[0,0],[0,0]],"o":[[0,0],[0,0],[0,0],[3.223,-1.511],[6.949,0],[0,9.869],[-5.841,0],[0,0],[5.237,5.338],[13.998,0],[0,-13.394],[-3.625,0],[0,0],[0,0],[0,0]],"v":[[43.607,-67.374],[7.15,-67.374],[7.15,-33.435],[14.401,-33.435],[23.969,-35.751],[36.255,-21.753],[22.458,-6.345],[8.258,-12.79],[2.618,-7.352],[22.559,1.208],[45.923,-21.552],[26.788,-42.902],[16.013,-40.283],[16.013,-60.123],[42.297,-60.123]],"c":true},"ix":2},"nm":"5","mn":"ADBE Vector Shape - Group","hd":false}],"nm":"5","np":3,"cix":2,"bm":0,"ix":1,"mn":"ADBE Vector Group","hd":false}]},"fFamily":"Fira Sans"},{"ch":"\r","size":16,"style":"Regular","w":0,"fFamily":"Fira Sans"},{"ch":"6","size":16,"style":"Regular","w":53.3,"data":{"shapes":[{"ty":"gr","it":[{"ind":0,"ty":"sh","ix":1,"ks":{"a":0,"k":{"i":[[9.869,0],[4.431,-6.244],[-9.769,0],[-3.122,-1.913],[0,0],[5.438,0],[0,-22.055],[-16.415,0],[0,14.703]],"o":[[-6.345,0],[0.504,-15.408],[3.726,0],[0,0],[-3.928,-2.618],[-15.912,0],[0,19.336],[11.884,0],[0,-14.401]],"v":[[31.018,-44.312],[14.804,-35.449],[30.917,-61.029],[41.29,-58.109],[44.916,-64.252],[31.018,-68.381],[5.539,-31.622],[28.198,1.208],[49.649,-22.861]],"c":true},"ix":2},"nm":"6","mn":"ADBE Vector Shape - Group","hd":false},{"ind":1,"ty":"sh","ix":2,"ks":{"a":0,"k":{"i":[[7.956,0],[0.403,14.703],[-6.042,0],[0,-10.675]],"o":[[-8.963,0],[3.424,-5.539],[6.345,0],[0,9.869]],"v":[[28.198,-6.143],[14.905,-27.695],[29.407,-36.96],[40.283,-22.559]],"c":true},"ix":2},"nm":"6","mn":"ADBE Vector Shape - Group","hd":false}],"nm":"6","np":5,"cix":2,"bm":0,"ix":1,"mn":"ADBE Vector Group","hd":false}]},"fFamily":"Fira Sans"},{"ch":"7","size":16,"style":"Regular","w":44.4,"data":{"shapes":[{"ty":"gr","it":[{"ind":0,"ty":"sh","ix":1,"ks":{"a":0,"k":{"i":[[0,0],[0,0],[0,0],[0,0],[0,0],[0,0],[0,0]],"o":[[0,0],[0,0],[0,0],[0,0],[0,0],[0,0],[0,0]],"v":[[41.693,-67.374],[2.518,-67.374],[2.518,-59.821],[32.327,-59.821],[8.057,-1.813],[16.516,1.007],[41.693,-60.425]],"c":true},"ix":2},"nm":"7","mn":"ADBE Vector Shape - Group","hd":false}],"nm":"7","np":3,"cix":2,"bm":0,"ix":1,"mn":"ADBE Vector Group","hd":false}]},"fFamily":"Fira Sans"},{"ch":"8","size":16,"style":"Regular","w":55.1,"data":{"shapes":[{"ty":"gr","it":[{"ind":0,"ty":"sh","ix":1,"ks":{"a":0,"k":{"i":[[9.265,3.726],[0,6.848],[10.071,0],[0,-11.38],[-7.251,-3.625],[0,-8.661],[-13.898,0],[0,11.279]],"o":[[7.654,-3.827],[0,-11.481],[-10.272,0],[0,6.949],[-8.258,3.625],[0,11.078],[13.696,0],[0,-8.459]],"v":[[36.758,-36.154],[48.239,-51.361],[27.795,-68.381],[7.352,-51.059],[17.825,-35.349],[4.532,-17.825],[27.594,1.208],[50.958,-18.027]],"c":true},"ix":2},"nm":"8","mn":"ADBE Vector Shape - Group","hd":false},{"ind":1,"ty":"sh","ix":2,"ks":{"a":0,"k":{"i":[[-6.949,0],[0,-6.244],[6.042,-3.424],[0,0],[0,6.949]],"o":[[7.352,0],[0,5.74],[0,0],[-7.755,-2.518],[0,-6.747]],"v":[[27.795,-61.432],[39.175,-51.059],[30.615,-38.37],[28.903,-38.974],[16.415,-50.958]],"c":true},"ix":2},"nm":"8","mn":"ADBE Vector Shape - Group","hd":false},{"ind":2,"ty":"sh","ix":3,"ks":{"a":0,"k":{"i":[[8.459,0],[0,7.352],[-6.647,3.223],[0,0],[0,-7.251]],"o":[[-8.359,0],[0,-7.352],[0,0],[10.876,3.726],[0,7.05]],"v":[[27.695,-6.143],[14.2,-17.825],[24.069,-33.032],[26.587,-32.126],[41.29,-17.926]],"c":true},"ix":2},"nm":"8","mn":"ADBE Vector Shape - Group","hd":false}],"nm":"8","np":6,"cix":2,"bm":0,"ix":1,"mn":"ADBE Vector Group","hd":false}]},"fFamily":"Fira Sans"},{"ch":"9","size":16,"style":"Regular","w":52.5,"data":{"shapes":[{"ty":"gr","it":[{"ind":0,"ty":"sh","ix":1,"ks":{"a":0,"k":{"i":[[14.502,0],[0,-14.099],[-10.474,0],[-2.921,4.532],[16.919,-4.834],[0,0],[0,27.896]],"o":[[-11.682,0],[0,13.394],[6.848,0],[-0.705,15.207],[0,0],[24.774,-7.15],[0,-15.811]],"v":[[26.083,-68.381],[4.532,-46.124],[23.163,-24.472],[38.269,-32.529],[9.869,-4.733],[11.984,2.216],[47.836,-42.197]],"c":true},"ix":2},"nm":"9","mn":"ADBE Vector Shape - Group","hd":false},{"ind":1,"ty":"sh","ix":2,"ks":{"a":0,"k":{"i":[[5.74,0],[0,9.668],[-7.855,0],[0.302,-15.207]],"o":[[-6.546,0],[0,-9.668],[8.359,0],[-3.323,5.136]],"v":[[25.076,-31.723],[13.898,-45.923],[26.285,-61.029],[38.47,-40.082]],"c":true},"ix":2},"nm":"9","mn":"ADBE Vector Shape - Group","hd":false}],"nm":"9","np":5,"cix":2,"bm":0,"ix":1,"mn":"ADBE Vector Group","hd":false}]},"fFamily":"Fira Sans"}]}