{"v":"5.6.5","fr":60,"ip":0,"op":600,"w":324,"h":60,"nm":"Button","ddd":0,"assets":[],"fonts":{"list":[{"fName":"FiraSans-Bold","fFamily":"Fira Sans","fStyle":"Bold","ascent":75.8987426757812}]},"layers":[{"ddd":0,"ind":1,"ty":5,"nm":"Registrieren","sr":1,"ks":{"o":{"a":1,"k":[{"i":{"x":[0.833],"y":[0.833]},"o":{"x":[0.167],"y":[0.167]},"t":5,"s":[0]},{"t":10,"s":[100]}],"ix":11},"r":{"a":0,"k":0,"ix":10},"p":{"a":0,"k":[112.576,33.745,0],"ix":2},"a":{"a":0,"k":[0,0,0],"ix":1},"s":{"a":0,"k":[100,100,100],"ix":6}},"ao":0,"t":{"d":{"k":[{"s":{"s":16,"f":"FiraSans-Bold","t":"Registrieren","j":0,"tr":0,"lh":19.2,"ls":-1,"fc":[1,1,1]},"t":0}]},"p":{},"m":{"g":1,"a":{"a":0,"k":[0,0],"ix":2}},"a":[]},"ip":5,"op":600,"st":5,"bm":0},{"ddd":0,"ind":2,"ty":4,"nm":"Button 2","sr":1,"ks":{"o":{"a":1,"k":[{"i":{"x":[0.833],"y":[0.833]},"o":{"x":[0.167],"y":[0.167]},"t":321,"s":[0]},{"t":325,"s":[100]}],"ix":11},"r":{"a":0,"k":0,"ix":10},"p":{"a":0,"k":[161.5,29.5,0],"ix":2},"a":{"a":0,"k":[183.5,102.5,0],"ix":1},"s":{"a":0,"k":[100,100,100],"ix":6}},"ao":0,"shapes":[{"ty":"gr","it":[{"ind":0,"ty":"sh","ix":1,"ks":{"a":0,"k":{"i":[[3.69,0],[0,0],[0,3.69],[0,0],[-3.69,0],[0,0],[0,-3.69],[0,0]],"o":[[0,0],[-3.69,0],[0,0],[0,-3.69],[0,0],[3.69,0],[0,0],[0,3.69]],"v":[[145.319,20],[-145.319,20],[-152,13.319],[-152,-13.319],[-145.319,-20],[145.319,-20],[152,-13.319],[152,13.319]],"c":true},"ix":2},"nm":"Pfad 1","mn":"ADBE Vector Shape - Group","hd":false},{"ty":"fl","c":{"a":0,"k":[0.996078431373,0.380392156863,0.380392156863,1],"ix":4},"o":{"a":0,"k":100,"ix":5},"r":1,"bm":0,"nm":"Fläche 1","mn":"ADBE Vector Graphic - Fill","hd":false},{"ty":"tr","p":{"a":0,"k":[184,103],"ix":2},"a":{"a":0,"k":[0,0],"ix":1},"s":{"a":0,"k":[100,100],"ix":3},"r":{"a":0,"k":0,"ix":6},"o":{"a":0,"k":100,"ix":7},"sk":{"a":0,"k":0,"ix":4},"sa":{"a":0,"k":0,"ix":5},"nm":"Transformieren"}],"nm":"Gruppe 1","np":2,"cix":2,"bm":0,"ix":1,"mn":"ADBE Vector Group","hd":false}],"ip":321,"op":600,"st":321,"bm":0},{"ddd":0,"ind":3,"ty":4,"nm":"Button","sr":1,"ks":{"o":{"a":0,"k":50,"ix":11},"r":{"a":0,"k":0,"ix":10},"p":{"a":0,"k":[161.5,29.5,0],"ix":2},"a":{"a":0,"k":[183.5,102.5,0],"ix":1},"s":{"a":1,"k":[{"i":{"x":[0.833,0.833,0.833],"y":[0.833,0.833,0.833]},"o":{"x":[0.167,0.167,0.167],"y":[0.167,0.167,0.167]},"t":5,"s":[100,0,100]},{"t":10,"s":[100,100,100]}],"ix":6}},"ao":0,"shapes":[{"ty":"gr","it":[{"ind":0,"ty":"sh","ix":1,"ks":{"a":0,"k":{"i":[[3.69,0],[0,0],[0,3.69],[0,0],[-3.69,0],[0,0],[0,-3.69],[0,0]],"o":[[0,0],[-3.69,0],[0,0],[0,-3.69],[0,0],[3.69,0],[0,0],[0,3.69]],"v":[[145.319,20],[-145.319,20],[-152,13.319],[-152,-13.319],[-145.319,-20],[145.319,-20],[152,-13.319],[152,13.319]],"c":true},"ix":2},"nm":"Pfad 1","mn":"ADBE Vector Shape - Group","hd":false},{"ty":"fl","c":{"a":0,"k":[0.41568627451,0.439215686275,0.454901960784,1],"ix":4},"o":{"a":0,"k":100,"ix":5},"r":1,"bm":0,"nm":"Fläche 1","mn":"ADBE Vector Graphic - Fill","hd":false},{"ty":"tr","p":{"a":0,"k":[184,103],"ix":2},"a":{"a":0,"k":[0,0],"ix":1},"s":{"a":0,"k":[100,100],"ix":3},"r":{"a":0,"k":0,"ix":6},"o":{"a":0,"k":100,"ix":7},"sk":{"a":0,"k":0,"ix":4},"sa":{"a":0,"k":0,"ix":5},"nm":"Transformieren"}],"nm":"Gruppe 1","np":2,"cix":2,"bm":0,"ix":1,"mn":"ADBE Vector Group","hd":false}],"ip":5,"op":321,"st":5,"bm":0}],"markers":[],"chars":[{"ch":"R","size":16,"style":"Bold","w":61.7,"data":{"shapes":[{"ty":"gr","it":[{"ind":0,"ty":"sh","ix":1,"ks":{"a":0,"k":{"i":[[0,0],[0,0],[0,0],[0,9.164],[18.933,0],[0,0],[0,0],[0,0],[0,0],[0,0]],"o":[[0,0],[0,0],[9.064,-4.23],[0,-14.502],[0,0],[0,0],[0,0],[0,0],[0,0],[0,0]],"v":[[43.808,0],[62.439,0],[44.714,-29.709],[58.109,-48.541],[29.407,-69.791],[6.546,-69.791],[6.546,0],[23.062,0],[23.062,-26.688],[29.507,-26.688]],"c":true},"ix":2},"nm":"R","mn":"ADBE Vector Shape - Group","hd":false},{"ind":1,"ty":"sh","ix":2,"ks":{"a":0,"k":{"i":[[0,0],[0,0],[0,-6.747],[7.251,0],[0,0]],"o":[[0,0],[8.157,0],[0,7.352],[0,0],[0,0]],"v":[[23.062,-58.209],[29.004,-58.209],[41.089,-48.541],[30.011,-38.068],[23.062,-38.068]],"c":true},"ix":2},"nm":"R","mn":"ADBE Vector Shape - Group","hd":false}],"nm":"R","np":5,"cix":2,"bm":0,"ix":1,"mn":"ADBE Vector Group","hd":false}]},"fFamily":"Fira Sans"},{"ch":"e","size":16,"style":"Bold","w":55.4,"data":{"shapes":[{"ty":"gr","it":[{"ind":0,"ty":"sh","ix":1,"ks":{"a":0,"k":{"i":[[0,1.712],[15.308,0],[0,-16.013],[-17.825,0],[-5.338,4.23],[0,0],[4.33,0],[1.007,9.567],[0,0]],"o":[[0,-17.322],[-16.214,0],[0,16.718],[8.661,0],[0,0],[-4.633,3.223],[-6.546,0],[0,0],[0.201,-1.611]],"v":[[52.872,-27.795],[28.198,-55.188],[3.223,-26.486],[30.112,1.712],[50.958,-5.74],[44.412,-14.603],[31.622,-9.869],[19.537,-22.055],[52.57,-22.055]],"c":true},"ix":2},"nm":"e","mn":"ADBE Vector Shape - Group","hd":false},{"ind":1,"ty":"sh","ix":2,"ks":{"a":0,"k":{"i":[[0,0],[0,0],[-5.338,0],[-0.101,-7.251]],"o":[[0,0],[0.806,-9.668],[6.345,0],[0,0]],"v":[[37.262,-31.622],[19.437,-31.622],[28.601,-44.614],[37.262,-32.327]],"c":true},"ix":2},"nm":"e","mn":"ADBE Vector Shape - Group","hd":false}],"nm":"e","np":5,"cix":2,"bm":0,"ix":1,"mn":"ADBE Vector Group","hd":false}]},"fFamily":"Fira Sans"},{"ch":"g","size":16,"style":"Bold","w":55.1,"data":{"shapes":[{"ty":"gr","it":[{"ind":0,"ty":"sh","ix":1,"ks":{"a":0,"k":{"i":[[0,0],[11.884,0.302],[0,-12.085],[-6.848,-3.625],[0,-3.928],[-11.682,0],[0,0],[0,-3.122],[9.366,0],[0,4.633],[0,0],[-20.242,0],[0,10.977],[12.488,0],[0,0],[0,1.611],[-1.108,0.604],[-2.216,0],[0,10.373],[6.747,2.921],[-3.726,1.511]],"o":[[-6.445,3.827],[-13.998,0],[0,6.949],[-3.827,2.417],[0,5.74],[0,0],[5.338,0],[0,3.424],[-9.668,0],[0,0],[0,10.574],[18.329,0],[0,-8.963],[0,0],[-5.136,0],[0,-1.208],[1.913,0.403],[13.898,0],[0,-6.949],[6.747,0],[0,0]],"v":[[51.764,-62.137],[26.587,-55.188],[3.122,-35.651],[12.689,-20.343],[6.345,-10.071],[22.76,0.504],[30.515,0.504],[38.168,5.74],[26.587,11.783],[14.905,5.136],[0.604,5.136],[26.184,22.357],[54.181,4.633],[33.737,-10.876],[25.681,-10.876],[19.839,-14.099],[21.552,-17.12],[27.695,-16.516],[50.153,-34.442],[40.082,-48.239],[55.49,-50.354]],"c":true},"ix":2},"nm":"g","mn":"ADBE Vector Shape - Group","hd":false},{"ind":1,"ty":"sh","ix":2,"ks":{"a":0,"k":{"i":[[-4.935,0],[0,-5.942],[5.237,0],[0,5.841]],"o":[[5.338,0],[0,6.143],[-4.834,0],[0,-5.539]],"v":[[26.99,-44.714],[35.046,-36.053],[26.99,-26.788],[18.933,-35.852]],"c":true},"ix":2},"nm":"g","mn":"ADBE Vector Shape - Group","hd":false}],"nm":"g","np":5,"cix":2,"bm":0,"ix":1,"mn":"ADBE Vector Group","hd":false}]},"fFamily":"Fira Sans"},{"ch":"i","size":16,"style":"Bold","w":28.2,"data":{"shapes":[{"ty":"gr","it":[{"ind":0,"ty":"sh","ix":1,"ks":{"a":0,"k":{"i":[[5.539,0],[0,-5.136],[-5.539,0],[0,5.136]],"o":[[-5.539,0],[0,5.136],[5.539,0],[0,-5.136]],"v":[[14.099,-81.674],[4.733,-72.61],[14.099,-63.547],[23.566,-72.61]],"c":true},"ix":2},"nm":"i","mn":"ADBE Vector Shape - Group","hd":false},{"ind":1,"ty":"sh","ix":2,"ks":{"a":0,"k":{"i":[[0,0],[0,0],[0,0],[0,0]],"o":[[0,0],[0,0],[0,0],[0,0]],"v":[[22.156,-53.476],[6.244,-53.476],[6.244,0],[22.156,0]],"c":true},"ix":2},"nm":"i","mn":"ADBE Vector Shape - Group","hd":false}],"nm":"i","np":5,"cix":2,"bm":0,"ix":1,"mn":"ADBE Vector Group","hd":false}]},"fFamily":"Fira Sans"},{"ch":"s","size":16,"style":"Bold","w":48.3,"data":{"shapes":[{"ty":"gr","it":[{"ind":0,"ty":"sh","ix":1,"ks":{"a":0,"k":{"i":[[7.755,0],[0,-9.164],[-10.574,-3.021],[0,-3.625],[4.834,0],[4.028,3.122],[0,0],[-9.265,0],[0,11.078],[10.574,3.021],[0,2.82],[-4.33,0],[-4.129,-2.618],[0,0]],"o":[[-13.495,0],[0,8.258],[9.668,2.719],[0,3.223],[-5.237,0],[0,0],[5.237,4.733],[13.293,0],[0,-9.567],[-9.567,-2.82],[0,-2.417],[4.633,0],[0,0],[-4.935,-4.028]],"v":[[25.076,-55.188],[3.223,-38.873],[19.034,-22.156],[30.313,-14.703],[22.559,-9.668],[8.359,-14.905],[0.604,-6.244],[22.961,1.712],[46.729,-15.912],[30.212,-32.932],[19.235,-39.78],[25.681,-43.808],[38.873,-39.679],[44.714,-48.642]],"c":true},"ix":2},"nm":"s","mn":"ADBE Vector Shape - Group","hd":false}],"nm":"s","np":3,"cix":2,"bm":0,"ix":1,"mn":"ADBE Vector Group","hd":false}]},"fFamily":"Fira Sans"},{"ch":"t","size":16,"style":"Bold","w":38.6,"data":{"shapes":[{"ty":"gr","it":[{"ind":0,"ty":"sh","ix":1,"ks":{"a":0,"k":{"i":[[0,0],[1.813,0],[0,5.136],[0,0],[0,0],[0,0],[0,0],[0,0],[0,0],[0,0],[0,0],[0,0],[0,0],[0,0],[-11.783,-0.101],[-4.028,2.82]],"o":[[-2.115,1.309],[-3.323,0],[0,0],[0,0],[0,0],[0,0],[0,0],[0,0],[0,0],[0,0],[0,0],[0,0],[0,0],[0,12.589],[4.834,0],[0,0]],"v":[[34.442,-12.689],[28.702,-10.876],[23.666,-17.825],[23.666,-42.398],[34.241,-42.398],[35.953,-53.476],[23.666,-53.476],[23.666,-66.87],[7.755,-65.057],[7.755,-53.476],[0.201,-53.476],[0.201,-42.398],[7.755,-42.398],[7.755,-17.624],[25.278,1.712],[39.78,-2.518]],"c":true},"ix":2},"nm":"t","mn":"ADBE Vector Shape - Group","hd":false}],"nm":"t","np":3,"cix":2,"bm":0,"ix":1,"mn":"ADBE Vector Group","hd":false}]},"fFamily":"Fira Sans"},{"ch":"r","size":16,"style":"Bold","w":40.1,"data":{"shapes":[{"ty":"gr","it":[{"ind":0,"ty":"sh","ix":1,"ks":{"a":0,"k":{"i":[[2.014,0],[2.417,-7.352],[0,0],[0,0],[0,0],[0,0],[0,0],[-6.546,0],[-1.712,-0.403],[0,0]],"o":[[-6.143,0],[0,0],[0,0],[0,0],[0,0],[0,0],[1.712,-8.057],[1.813,0],[0,0],[-1.712,-0.504]],"v":[[35.248,-54.987],[21.451,-43.204],[20.142,-53.476],[6.244,-53.476],[6.244,0],[22.156,0],[22.156,-26.688],[33.234,-39.578],[38.068,-38.873],[40.585,-54.282]],"c":true},"ix":2},"nm":"r","mn":"ADBE Vector Shape - Group","hd":false}],"nm":"r","np":3,"cix":2,"bm":0,"ix":1,"mn":"ADBE Vector Group","hd":false}]},"fFamily":"Fira Sans"},{"ch":"n","size":16,"style":"Bold","w":57.7,"data":{"shapes":[{"ty":"gr","it":[{"ind":0,"ty":"sh","ix":1,"ks":{"a":0,"k":{"i":[[9.265,0],[4.532,-5.237],[0,0],[0,0],[0,0],[0,0],[0,0],[-3.525,0],[0,-5.64],[0,0],[0,0],[0,0]],"o":[[-6.647,0],[0,0],[0,0],[0,0],[0,0],[0,0],[2.82,-4.431],[3.122,0],[0,0],[0,0],[0,0],[0,-10.172]],"v":[[37.564,-55.188],[21.249,-47.131],[20.142,-53.476],[6.244,-53.476],[6.244,0],[22.156,0],[22.156,-36.557],[31.421,-43.506],[36.456,-36.356],[36.456,0],[52.368,0],[52.368,-39.075]],"c":true},"ix":2},"nm":"n","mn":"ADBE Vector Shape - Group","hd":false}],"nm":"n","np":3,"cix":2,"bm":0,"ix":1,"mn":"ADBE Vector Group","hd":false}]},"fFamily":"Fira Sans"}]}