{"v":"5.6.5","fr":60,"ip":0,"op":3600,"w":1200,"h":600,"nm":"Komp 3","ddd":0,"assets":[],"layers":[{"ddd":0,"ind":1,"ty":4,"nm":"Vögel/Waldai Konturen","sr":1,"ks":{"o":{"a":0,"k":100,"ix":11},"r":{"a":1,"k":[{"i":{"x":[0.667],"y":[1]},"o":{"x":[0.167],"y":[0.167]},"t":0,"s":[0]},{"i":{"x":[0.667],"y":[1]},"o":{"x":[0.333],"y":[0]},"t":57,"s":[14]},{"i":{"x":[0.667],"y":[1]},"o":{"x":[0.167],"y":[0.167]},"t":116,"s":[3]},{"i":{"x":[0.667],"y":[1]},"o":{"x":[0.333],"y":[0]},"t":159,"s":[14]},{"i":{"x":[0.667],"y":[1]},"o":{"x":[0.167],"y":[0.167]},"t":218,"s":[3]},{"i":{"x":[0.667],"y":[1]},"o":{"x":[0.333],"y":[0]},"t":251,"s":[14]},{"i":{"x":[0.667],"y":[1]},"o":{"x":[0.167],"y":[0.167]},"t":310,"s":[3]},{"i":{"x":[0.667],"y":[1]},"o":{"x":[0.333],"y":[0]},"t":342,"s":[14]},{"i":{"x":[0.667],"y":[1]},"o":{"x":[0.167],"y":[0.167]},"t":401,"s":[3]},{"i":{"x":[0.667],"y":[1]},"o":{"x":[0.333],"y":[0]},"t":440,"s":[14]},{"i":{"x":[0.667],"y":[1]},"o":{"x":[0.167],"y":[0.167]},"t":499,"s":[3]},{"i":{"x":[0.667],"y":[1]},"o":{"x":[0.333],"y":[0]},"t":542,"s":[14]},{"i":{"x":[0.667],"y":[1]},"o":{"x":[0.167],"y":[0.167]},"t":601,"s":[3]},{"i":{"x":[0.667],"y":[1]},"o":{"x":[0.333],"y":[0]},"t":634,"s":[14]},{"i":{"x":[0.667],"y":[1]},"o":{"x":[0.167],"y":[0.167]},"t":693,"s":[3]},{"i":{"x":[0.667],"y":[1]},"o":{"x":[0.333],"y":[0]},"t":725,"s":[14]},{"i":{"x":[0.667],"y":[1]},"o":{"x":[0.167],"y":[0.167]},"t":784,"s":[3]},{"i":{"x":[0.667],"y":[1]},"o":{"x":[0.333],"y":[0]},"t":814,"s":[14]},{"i":{"x":[0.667],"y":[1]},"o":{"x":[0.167],"y":[0.167]},"t":873,"s":[3]},{"i":{"x":[0.667],"y":[1]},"o":{"x":[0.333],"y":[0]},"t":916,"s":[14]},{"i":{"x":[0.667],"y":[1]},"o":{"x":[0.167],"y":[0.167]},"t":975,"s":[3]},{"i":{"x":[0.667],"y":[1]},"o":{"x":[0.333],"y":[0]},"t":1008,"s":[14]},{"i":{"x":[0.667],"y":[1]},"o":{"x":[0.167],"y":[0.167]},"t":1067,"s":[3]},{"i":{"x":[0.667],"y":[1]},"o":{"x":[0.333],"y":[0]},"t":1099,"s":[14]},{"i":{"x":[0.667],"y":[1]},"o":{"x":[0.167],"y":[0.167]},"t":1158,"s":[3]},{"i":{"x":[0.667],"y":[1]},"o":{"x":[0.333],"y":[0]},"t":1208,"s":[14]},{"i":{"x":[0.667],"y":[1]},"o":{"x":[0.167],"y":[0.167]},"t":1267,"s":[3]},{"i":{"x":[0.667],"y":[1]},"o":{"x":[0.333],"y":[0]},"t":1310,"s":[14]},{"i":{"x":[0.667],"y":[1]},"o":{"x":[0.167],"y":[0.167]},"t":1369,"s":[3]},{"i":{"x":[0.667],"y":[1]},"o":{"x":[0.333],"y":[0]},"t":1402,"s":[14]},{"i":{"x":[0.667],"y":[1]},"o":{"x":[0.167],"y":[0.167]},"t":1461,"s":[3]},{"i":{"x":[0.667],"y":[1]},"o":{"x":[0.333],"y":[0]},"t":1493,"s":[14]},{"i":{"x":[0.667],"y":[1]},"o":{"x":[0.167],"y":[0.167]},"t":1552,"s":[3]},{"i":{"x":[0.667],"y":[1]},"o":{"x":[0.333],"y":[0]},"t":1589,"s":[14]},{"i":{"x":[0.667],"y":[1]},"o":{"x":[0.167],"y":[0.167]},"t":1648,"s":[3]},{"i":{"x":[0.667],"y":[1]},"o":{"x":[0.333],"y":[0]},"t":1691,"s":[14]},{"i":{"x":[0.667],"y":[1]},"o":{"x":[0.167],"y":[0.167]},"t":1750,"s":[3]},{"i":{"x":[0.667],"y":[1]},"o":{"x":[0.333],"y":[0]},"t":1783,"s":[14]},{"i":{"x":[0.667],"y":[1]},"o":{"x":[0.167],"y":[0.167]},"t":1842,"s":[3]},{"i":{"x":[0.667],"y":[1]},"o":{"x":[0.333],"y":[0]},"t":1874,"s":[14]},{"i":{"x":[0.667],"y":[1]},"o":{"x":[0.167],"y":[0.167]},"t":1933,"s":[3]},{"i":{"x":[0.667],"y":[1]},"o":{"x":[0.333],"y":[0]},"t":1973,"s":[14]},{"i":{"x":[0.667],"y":[1]},"o":{"x":[0.167],"y":[0.167]},"t":2032,"s":[3]},{"i":{"x":[0.667],"y":[1]},"o":{"x":[0.333],"y":[0]},"t":2075,"s":[14]},{"i":{"x":[0.667],"y":[1]},"o":{"x":[0.167],"y":[0.167]},"t":2134,"s":[3]},{"i":{"x":[0.667],"y":[1]},"o":{"x":[0.333],"y":[0]},"t":2167,"s":[14]},{"i":{"x":[0.667],"y":[1]},"o":{"x":[0.167],"y":[0.167]},"t":2226,"s":[3]},{"i":{"x":[0.667],"y":[1]},"o":{"x":[0.333],"y":[0]},"t":2258,"s":[14]},{"i":{"x":[0.667],"y":[1]},"o":{"x":[0.167],"y":[0.167]},"t":2317,"s":[3]},{"i":{"x":[0.667],"y":[1]},"o":{"x":[0.333],"y":[0]},"t":2371,"s":[14]},{"i":{"x":[0.667],"y":[1]},"o":{"x":[0.167],"y":[0.167]},"t":2430,"s":[3]},{"i":{"x":[0.667],"y":[1]},"o":{"x":[0.333],"y":[0]},"t":2473,"s":[14]},{"i":{"x":[0.667],"y":[1]},"o":{"x":[0.167],"y":[0.167]},"t":2532,"s":[3]},{"i":{"x":[0.667],"y":[1]},"o":{"x":[0.333],"y":[0]},"t":2565,"s":[14]},{"i":{"x":[0.667],"y":[1]},"o":{"x":[0.167],"y":[0.167]},"t":2624,"s":[3]},{"i":{"x":[0.667],"y":[1]},"o":{"x":[0.333],"y":[0]},"t":2656,"s":[14]},{"i":{"x":[0.667],"y":[1]},"o":{"x":[0.167],"y":[0.167]},"t":2715,"s":[3]},{"i":{"x":[0.667],"y":[1]},"o":{"x":[0.333],"y":[0]},"t":2776,"s":[14]},{"i":{"x":[0.667],"y":[1]},"o":{"x":[0.167],"y":[0.167]},"t":2835,"s":[3]},{"i":{"x":[0.667],"y":[1]},"o":{"x":[0.333],"y":[0]},"t":2878,"s":[14]},{"i":{"x":[0.667],"y":[1]},"o":{"x":[0.167],"y":[0.167]},"t":2937,"s":[3]},{"i":{"x":[0.667],"y":[1]},"o":{"x":[0.333],"y":[0]},"t":2970,"s":[14]},{"i":{"x":[0.667],"y":[1]},"o":{"x":[0.167],"y":[0.167]},"t":3029,"s":[3]},{"i":{"x":[0.667],"y":[1]},"o":{"x":[0.333],"y":[0]},"t":3061,"s":[14]},{"i":{"x":[0.667],"y":[1]},"o":{"x":[0.167],"y":[0.167]},"t":3120,"s":[3]},{"i":{"x":[0.667],"y":[1]},"o":{"x":[0.333],"y":[0]},"t":3177,"s":[14]},{"i":{"x":[0.667],"y":[1]},"o":{"x":[0.167],"y":[0.167]},"t":3236,"s":[3]},{"i":{"x":[0.667],"y":[1]},"o":{"x":[0.333],"y":[0]},"t":3279,"s":[14]},{"i":{"x":[0.667],"y":[1]},"o":{"x":[0.167],"y":[0.167]},"t":3338,"s":[3]},{"i":{"x":[0.667],"y":[1]},"o":{"x":[0.333],"y":[0]},"t":3371,"s":[14]},{"i":{"x":[0.667],"y":[1]},"o":{"x":[0.167],"y":[0.167]},"t":3430,"s":[3]},{"i":{"x":[0.667],"y":[1]},"o":{"x":[0.333],"y":[0]},"t":3462,"s":[14]},{"t":3521,"s":[3]}],"ix":10},"p":{"a":0,"k":[240,92,0],"ix":2},"a":{"a":0,"k":[77.5,51,0],"ix":1},"s":{"a":1,"k":[{"i":{"x":[0.833,0.833,0.833],"y":[0.833,0.833,0.833]},"o":{"x":[0.167,0.167,0.167],"y":[0.167,0.167,0.167]},"t":0,"s":[100,100,100]},{"i":{"x":[0.833,0.833,0.833],"y":[0.833,0.833,0.833]},"o":{"x":[0.167,0.167,0.167],"y":[0.167,0.167,0.167]},"t":162,"s":[123,123,100]},{"i":{"x":[0.833,0.833,0.833],"y":[0.833,0.833,0.833]},"o":{"x":[0.167,0.167,0.167],"y":[0.167,0.167,0.167]},"t":352,"s":[138,138,100]},{"i":{"x":[0.833,0.833,0.833],"y":[0.833,0.833,0.833]},"o":{"x":[0.167,0.167,0.167],"y":[0.167,0.167,0.167]},"t":588,"s":[116,116,100]},{"i":{"x":[0.833,0.833,0.833],"y":[0.833,0.833,0.833]},"o":{"x":[0.167,0.167,0.167],"y":[0.167,0.167,0.167]},"t":884,"s":[142,142,100]},{"i":{"x":[0.833,0.833,0.833],"y":[0.833,0.833,0.833]},"o":{"x":[0.167,0.167,0.167],"y":[0.167,0.167,0.167]},"t":1141,"s":[123,123,100]},{"i":{"x":[0.833,0.833,0.833],"y":[0.833,0.833,0.833]},"o":{"x":[0.167,0.167,0.167],"y":[0.167,0.167,0.167]},"t":1331,"s":[138,138,100]},{"i":{"x":[0.833,0.833,0.833],"y":[0.833,0.833,0.833]},"o":{"x":[0.167,0.167,0.167],"y":[0.167,0.167,0.167]},"t":1567,"s":[116,116,100]},{"i":{"x":[0.833,0.833,0.833],"y":[0.833,0.833,0.833]},"o":{"x":[0.167,0.167,0.167],"y":[0.167,0.167,0.167]},"t":1863,"s":[142,142,100]},{"i":{"x":[0.833,0.833,0.833],"y":[0.833,0.833,0.833]},"o":{"x":[0.167,0.167,0.167],"y":[0.167,0.167,0.167]},"t":2040,"s":[123,123,100]},{"i":{"x":[0.833,0.833,0.833],"y":[0.833,0.833,0.833]},"o":{"x":[0.167,0.167,0.167],"y":[0.167,0.167,0.167]},"t":2230,"s":[138,138,100]},{"i":{"x":[0.833,0.833,0.833],"y":[0.833,0.833,0.833]},"o":{"x":[0.167,0.167,0.167],"y":[0.167,0.167,0.167]},"t":2466,"s":[116,116,100]},{"i":{"x":[0.833,0.833,0.833],"y":[0.833,0.833,0.833]},"o":{"x":[0.167,0.167,0.167],"y":[0.167,0.167,0.167]},"t":2762,"s":[142,142,100]},{"i":{"x":[0.833,0.833,0.833],"y":[0.833,0.833,0.833]},"o":{"x":[0.167,0.167,0.167],"y":[0.167,0.167,0.167]},"t":2945,"s":[123,123,100]},{"i":{"x":[0.833,0.833,0.833],"y":[0.833,0.833,0.833]},"o":{"x":[0.167,0.167,0.167],"y":[0.167,0.167,0.167]},"t":3135,"s":[138,138,100]},{"i":{"x":[0.833,0.833,0.833],"y":[0.833,0.833,0.833]},"o":{"x":[0.167,0.167,0.167],"y":[0.167,0.167,0.167]},"t":3371,"s":[116,116,100]},{"t":3667,"s":[142,142,100]}],"ix":6}},"ao":0,"shapes":[{"ty":"gr","it":[{"ind":0,"ty":"sh","ix":1,"ks":{"a":0,"k":{"i":[[6.054,-14.611],[25.573,-14.381],[-25.35,-7.51],[-16.086,-5.919]],"o":[[-20.486,-16.498],[6.33,-17.347],[13.414,-15.962],[-21.221,-0.543]],"v":[[8.517,17.641],[-41.318,15.379],[3.534,1.452],[41.318,-11.722]],"c":true},"ix":2},"nm":"Pfad 1","mn":"ADBE Vector Shape - Group","hd":false},{"ty":"fl","c":{"a":0,"k":[0.332138480392,0.227963690664,0.098924143174,1],"ix":4},"o":{"a":0,"k":100,"ix":5},"r":1,"bm":0,"nm":"Fläche 1","mn":"ADBE Vector Graphic - Fill","hd":false},{"ty":"tr","p":{"a":0,"k":[108.027,17.892],"ix":2},"a":{"a":0,"k":[0,0],"ix":1},"s":{"a":0,"k":[100,100],"ix":3},"r":{"a":0,"k":0,"ix":6},"o":{"a":0,"k":100,"ix":7},"sk":{"a":0,"k":0,"ix":4},"sa":{"a":0,"k":0,"ix":5},"nm":"Transformieren"}],"nm":"Gruppe 1","np":2,"cix":2,"bm":0,"ix":1,"mn":"ADBE Vector Group","hd":false},{"ty":"gr","it":[{"ind":0,"ty":"sh","ix":1,"ks":{"a":0,"k":{"i":[[8.651,-29.62],[39.149,-27.419],[-48.827,-11.589],[-25.968,-10.663]],"o":[[-31.307,-29.537],[6.305,-27.156],[20.312,-25.048],[-35.514,-1.72]],"v":[[17.329,29.597],[-76.908,27.216],[9.444,2.835],[76.908,-18.934]],"c":true},"ix":2},"nm":"Pfad 1","mn":"ADBE Vector Shape - Group","hd":false},{"ty":"fl","c":{"a":0,"k":[0.332138480392,0.227963690664,0.098924143174,1],"ix":4},"o":{"a":0,"k":100,"ix":5},"r":1,"bm":0,"nm":"Fläche 1","mn":"ADBE Vector Graphic - Fill","hd":false},{"ty":"tr","p":{"a":0,"k":[77.158,71.665],"ix":2},"a":{"a":0,"k":[0,0],"ix":1},"s":{"a":0,"k":[100,100],"ix":3},"r":{"a":0,"k":0,"ix":6},"o":{"a":0,"k":100,"ix":7},"sk":{"a":0,"k":0,"ix":4},"sa":{"a":0,"k":0,"ix":5},"nm":"Transformieren"}],"nm":"Gruppe 2","np":2,"cix":2,"bm":0,"ix":2,"mn":"ADBE Vector Group","hd":false}],"ip":0,"op":3600,"st":0,"bm":0},{"ddd":0,"ind":2,"ty":4,"nm":"Berge/Waldai Konturen","sr":1,"ks":{"o":{"a":0,"k":100,"ix":11},"r":{"a":0,"k":0,"ix":10},"p":{"a":1,"k":[{"i":{"x":0.833,"y":0.833},"o":{"x":0.167,"y":0.167},"t":0,"s":[560,260,0],"to":[-4,0,0],"ti":[0.333,0,0]},{"i":{"x":0.833,"y":0.833},"o":{"x":0.167,"y":0.167},"t":578,"s":[536,260,0],"to":[-0.333,0,0],"ti":[2.833,0,0]},{"i":{"x":0.833,"y":0.833},"o":{"x":0.167,"y":0.167},"t":1194,"s":[558,260,0],"to":[-2.833,0,0],"ti":[-0.167,0,0]},{"i":{"x":0.833,"y":0.833},"o":{"x":0.167,"y":0.167},"t":1849,"s":[519,260,0],"to":[0.167,0,0],"ti":[0,0,0]},{"i":{"x":0.833,"y":0.833},"o":{"x":0.167,"y":0.167},"t":2490,"s":[559,260,0],"to":[0,0,0],"ti":[-0.167,0,0]},{"i":{"x":0.833,"y":0.833},"o":{"x":0.167,"y":0.167},"t":2994,"s":[519,260,0],"to":[0.167,0,0],"ti":[-6.833,0,0]},{"t":3599,"s":[560,260,0]}],"ix":2},"a":{"a":0,"k":[1193,628.5,0],"ix":1},"s":{"a":0,"k":[91.726,91.726,100],"ix":6}},"ao":0,"shapes":[{"ty":"gr","it":[{"ind":0,"ty":"sh","ix":1,"ks":{"a":0,"k":{"i":[[-0.054,84.287],[1.462,-5.4],[0,-1.151],[0,0],[0,0],[0,0],[-1.24,-0.6],[-4.581,-1.498],[-2.877,1.439],[-24.475,33.686],[-27.94,12.018],[-12.962,-22.155],[-24.632,-24.403],[-4.861,1.466],[-9.361,-11.066],[-5.43,-5.124],[-1.935,0.305],[-26.608,17.999],[-15.789,10.932],[-13.819,-2.015],[-13.346,11.121],[-18.416,18.049],[-15.496,-13.527],[-12.251,-12.041],[-6.421,-7.442],[-8.146,8.319],[-7.221,-2.201],[-5.974,-4.497],[-9.321,-8.102],[-1.596,0.593],[-15.73,-4.301],[-13.501,18.724],[-3.137,2.949],[-14.17,-3.702],[-6.52,4.345],[-29.464,4.194],[-11.795,9.786],[-15.408,-10.436],[-10.283,-19.356],[-4.422,-6.403],[-4.814,7.394],[-20.557,-37.436],[-29.099,-26.279],[-4.732,2.262],[-13.245,4.389],[-22.513,26.26],[-2.758,1.456],[-16.541,1.116],[-9.183,24.69],[-7.157,-5.56],[-22.925,-18.208],[-5.482,1.899],[-7.063,11.042],[-8.425,-3.018],[0.034,3.133],[0.186,57.134]],"o":[[2.853,0.083],[-0.29,1.072],[0,0],[0,0],[0,0],[2.726,0.679],[4.394,2.123],[3.39,1.108],[36.563,-18.286],[18.04,-24.831],[23.446,-10.085],[17.496,29.904],[4.031,3.994],[12.621,-3.806],[4.812,5.688],[1.713,1.616],[31.046,-4.903],[15.901,-10.754],[11.056,-7.655],[17.676,2.579],[19.84,-16.53],[13.573,-13.304],[12.936,11.291],[5.848,5.746],[9.475,-8.105],[5.767,-5.888],[7.239,2.206],[9.83,7.399],[1.693,1.471],[16.08,-5.983],[20.386,5.573],[2.496,-3.461],[10.892,-10.242],[8.345,2.181],[24.325,-16.212],[15.058,-2.144],[14.22,-11.799],[18.301,12.395],[2.832,5.333],[6.703,-8.756],[23.275,-35.757],[19.186,34.938],[3.676,3.32],[12.619,-6.032],[31.687,-10.498],[1.982,-2.311],[14.675,-7.751],[22.228,-1.498],[7.417,6.617],[23.121,17.964],[4.786,3.801],[13.46,-4.663],[8.461,3.031],[0,-4.908],[-0.624,-57.133],[-0.275,-84.286]],"v":[[1117.463,-445.968],[1122.678,-441.641],[1122.636,-438.199],[1122.636,603.599],[-731.08,603.599],[-731.08,65.832],[-725.641,67.231],[-712.532,73.685],[-701.63,74.219],[-607.298,-0.322],[-537.516,-54.719],[-462.643,-28.941],[-399.238,52.344],[-387.258,54.909],[-353.596,63.047],[-337.881,79.012],[-331.493,82.314],[-243.117,53.032],[-196.536,19.101],[-159.229,8.457],[-112.633,-4.813],[-54.358,-55.85],[2.211,-60.582],[39.775,-25.295],[57.028,-5.481],[84.079,-28.963],[103.364,-35.096],[124.041,-25.405],[151.828,-0.927],[158.17,1.737],[205.506,3.32],[257.754,-12.043],[266.681,-21.378],[304.903,-31.572],[325.631,-36.022],[405.109,-69.45],[445.654,-87.242],[485.039,-89.009],[526.857,-40.616],[538.093,-24.159],[555.472,-47.019],[643.456,-44.78],[718.781,44.21],[730.248,45.505],[768.885,29.099],[853.487,-19.946],[861.166,-25.361],[908.083,-38.298],[959.358,-70.115],[980.391,-51.48],[1050.01,2.079],[1063.85,4.732],[1094.952,-19.22],[1119.195,-10.536],[1119.191,-21.71],[1117.387,-193.108]],"c":true},"ix":2},"nm":"Pfad 1","mn":"ADBE Vector Shape - Group","hd":false},{"ty":"fl","c":{"a":0,"k":[0.071000005685,0.375999989229,0.375999989229,1],"ix":4},"o":{"a":0,"k":100,"ix":5},"r":1,"bm":0,"nm":"Fläche 1","mn":"ADBE Vector Graphic - Fill","hd":false},{"ty":"tr","p":{"a":0,"k":[1261.591,652.44],"ix":2},"a":{"a":0,"k":[0,0],"ix":1},"s":{"a":0,"k":[100,100],"ix":3},"r":{"a":0,"k":0,"ix":6},"o":{"a":0,"k":100,"ix":7},"sk":{"a":0,"k":0,"ix":4},"sa":{"a":0,"k":0,"ix":5},"nm":"Transformieren"}],"nm":"Gruppe 1","np":4,"cix":2,"bm":0,"ix":1,"mn":"ADBE Vector Group","hd":false},{"ty":"gr","it":[{"ind":0,"ty":"sh","ix":1,"ks":{"a":0,"k":{"i":[[0,0],[-28.674,-28.408],[-5.658,1.706],[-10.898,-12.883],[-6.32,-5.964],[-2.252,0.355],[-30.975,20.95],[-18.379,12.725],[-16.086,-2.347],[-15.537,12.945],[-21.438,21.011],[-18.039,-15.746],[-14.262,-14.016],[-7.476,-8.663],[-9.482,9.683],[-8.407,-2.562],[-6.955,-5.235],[-10.851,-9.431],[-1.858,0.691],[-18.311,-5.006],[-15.717,21.797],[-3.651,3.433],[-16.495,-4.31],[-7.589,5.058],[-34.299,4.883],[-13.731,11.392],[-17.936,-12.149],[-11.969,-22.533],[-5.147,-7.453],[-5.603,8.607],[-23.931,-43.579],[-33.874,-30.592],[-5.509,2.633],[-15.419,5.108],[-26.208,30.569],[-3.21,1.695],[-19.256,1.299],[-10.69,28.741],[-8.331,-6.472],[-26.686,-21.195],[-6.382,2.211],[-8.222,12.853],[-9.808,-3.513],[0.04,3.647],[0.217,66.509],[-0.063,98.118],[1.701,-6.286],[0,-1.339],[0,0],[0,0],[0,0],[-1.445,-0.699],[-5.333,-1.744]],"o":[[20.367,34.811],[4.693,4.648],[14.692,-4.432],[5.602,6.621],[1.994,1.881],[36.141,-5.707],[18.51,-12.52],[12.871,-8.912],[20.577,3.002],[23.095,-19.243],[15.801,-15.487],[15.057,13.144],[6.807,6.689],[11.029,-9.435],[6.713,-6.855],[8.426,2.569],[11.443,8.613],[1.97,1.712],[18.719,-6.965],[23.731,6.488],[2.905,-4.028],[12.68,-11.923],[9.715,2.539],[28.316,-18.872],[17.529,-2.495],[16.554,-13.735],[21.304,14.428],[3.297,6.209],[7.803,-10.191],[27.094,-41.624],[22.334,40.67],[4.279,3.865],[14.689,-7.021],[36.887,-12.22],[2.306,-2.69],[17.083,-9.023],[25.874,-1.744],[8.634,7.702],[26.916,20.911],[5.573,4.425],[15.668,-5.428],[9.849,3.528],[0,-5.713],[-0.727,-66.508],[-0.32,-98.116],[3.321,0.097],[-0.338,1.248],[0,0],[0,0],[0,0],[3.174,0.79],[5.113,2.471],[0,0]],"v":[[-948.856,-165.484],[-875.047,-70.86],[-861.101,-67.874],[-821.915,-58.401],[-803.622,-39.817],[-796.186,-35.973],[-693.307,-70.059],[-639.084,-109.558],[-595.655,-121.948],[-541.412,-137.396],[-473.575,-196.808],[-407.723,-202.317],[-363.995,-161.24],[-343.911,-138.174],[-312.422,-165.509],[-289.972,-172.649],[-265.902,-161.367],[-233.555,-132.873],[-226.173,-129.772],[-171.07,-127.93],[-110.249,-145.813],[-99.857,-156.68],[-55.364,-168.546],[-31.234,-173.727],[61.286,-212.641],[108.484,-233.352],[154.332,-235.408],[203.01,-179.075],[216.091,-159.918],[236.322,-186.528],[338.744,-183.921],[426.429,-80.329],[439.778,-78.822],[484.754,-97.92],[583.239,-155.013],[592.178,-161.316],[646.794,-176.376],[706.482,-213.414],[730.966,-191.721],[812.008,-129.374],[828.12,-126.286],[864.326,-154.168],[892.547,-144.059],[892.541,-157.066],[890.443,-356.589],[890.53,-650.941],[896.601,-645.904],[896.553,-641.898],[896.553,570.85],[-1261.341,570.85],[-1261.341,-55.159],[-1255.008,-53.531],[-1239.75,-46.018]],"c":false},"ix":2},"nm":"Pfad 1","mn":"ADBE Vector Shape - Group","hd":false},{"ty":"fl","c":{"a":0,"k":[0.093999997307,0.497999991623,0.486000001197,1],"ix":4},"o":{"a":0,"k":100,"ix":5},"r":1,"bm":0,"nm":"Fläche 1","mn":"ADBE Vector Graphic - Fill","hd":false},{"ty":"tr","p":{"a":0,"k":[1261.591,652.44],"ix":2},"a":{"a":0,"k":[0,0],"ix":1},"s":{"a":0,"k":[100,100],"ix":3},"r":{"a":0,"k":0,"ix":6},"o":{"a":0,"k":100,"ix":7},"sk":{"a":0,"k":0,"ix":4},"sa":{"a":0,"k":0,"ix":5},"nm":"Transformieren"}],"nm":"Gruppe 2","np":4,"cix":2,"bm":0,"ix":2,"mn":"ADBE Vector Group","hd":false},{"ty":"tm","s":{"a":0,"k":0,"ix":1},"e":{"a":0,"k":100,"ix":2},"o":{"a":0,"k":0,"ix":3},"m":1,"ix":3,"nm":"Pfade trimmen 1","mn":"ADBE Vector Filter - Trim","hd":false}],"ip":0,"op":3600,"st":0,"bm":0},{"ddd":0,"ind":3,"ty":4,"nm":"Formebene 1","sr":1,"ks":{"o":{"a":0,"k":100,"ix":11},"r":{"a":0,"k":0,"ix":10},"p":{"a":0,"k":[996,272,0],"ix":2},"a":{"a":0,"k":[0,0,0],"ix":1},"s":{"a":1,"k":[{"i":{"x":[0.833,0.833,0.833],"y":[0.833,0.833,0.833]},"o":{"x":[0.167,0.167,0.167],"y":[0.167,0.167,0.167]},"t":0,"s":[100,100,100]},{"i":{"x":[0.833,0.833,0.833],"y":[0.833,0.833,0.833]},"o":{"x":[0.167,0.167,0.167],"y":[0.167,0.167,0.167]},"t":585,"s":[120,120,100]},{"i":{"x":[0.833,0.833,0.833],"y":[0.833,0.833,0.833]},"o":{"x":[0.167,0.167,0.167],"y":[0.167,0.167,0.167]},"t":1208,"s":[93,93,100]},{"i":{"x":[0.833,0.833,0.833],"y":[0.833,0.833,0.833]},"o":{"x":[0.167,0.167,0.167],"y":[0.167,0.167,0.167]},"t":1691,"s":[118,118,100]},{"i":{"x":[0.833,0.833,0.833],"y":[0.833,0.833,0.833]},"o":{"x":[0.167,0.167,0.167],"y":[0.167,0.167,0.167]},"t":2216,"s":[97,97,100]},{"i":{"x":[0.833,0.833,0.833],"y":[0.833,0.833,0.833]},"o":{"x":[0.167,0.167,0.167],"y":[0.167,0.167,0.167]},"t":2790,"s":[139,139,100]},{"i":{"x":[0.833,0.833,0.833],"y":[0.833,0.833,0.833]},"o":{"x":[0.167,0.167,0.167],"y":[0.167,0.167,0.167]},"t":3251,"s":[117,117,100]},{"t":3599,"s":[100,100,100]}],"ix":6}},"ao":0,"shapes":[{"ty":"gr","it":[{"d":1,"ty":"el","s":{"a":0,"k":[3.25,3.453],"ix":2},"p":{"a":0,"k":[0,0],"ix":3},"nm":"Elliptischer Pfad 1","mn":"ADBE Vector Shape - Ellipse","hd":false},{"ty":"st","c":{"a":0,"k":[0.338416006051,0.526174388212,0.732705269608,1],"ix":3},"o":{"a":0,"k":100,"ix":4},"w":{"a":0,"k":0,"ix":5},"lc":1,"lj":1,"ml":4,"bm":0,"nm":"Kontur 1","mn":"ADBE Vector Graphic - Stroke","hd":false},{"ty":"fl","c":{"a":0,"k":[0.949019667682,0.772549079446,0.462745127958,1],"ix":4},"o":{"a":0,"k":100,"ix":5},"r":1,"bm":0,"nm":"Fläche 1","mn":"ADBE Vector Graphic - Fill","hd":false},{"ty":"tr","p":{"a":0,"k":[-30.375,-182.273],"ix":2},"a":{"a":0,"k":[0,0],"ix":1},"s":{"a":0,"k":[100,100],"ix":3},"r":{"a":0,"k":0,"ix":6},"o":{"a":0,"k":100,"ix":7},"sk":{"a":0,"k":0,"ix":4},"sa":{"a":0,"k":0,"ix":5},"nm":"Transformieren"}],"nm":"Ellipse 2","np":3,"cix":2,"bm":0,"ix":1,"mn":"ADBE Vector Group","hd":false},{"ty":"gr","it":[{"d":1,"ty":"el","s":{"a":0,"k":[351.016,351.016],"ix":2},"p":{"a":0,"k":[0,0],"ix":3},"nm":"Elliptischer Pfad 1","mn":"ADBE Vector Shape - Ellipse","hd":false},{"ty":"st","c":{"a":0,"k":[0.338416006051,0.526174388212,0.732705269608,1],"ix":3},"o":{"a":0,"k":100,"ix":4},"w":{"a":0,"k":0,"ix":5},"lc":1,"lj":1,"ml":4,"bm":0,"nm":"Kontur 1","mn":"ADBE Vector Graphic - Stroke","hd":false},{"ty":"fl","c":{"a":0,"k":[0.949019667682,0.772549079446,0.462745127958,1],"ix":4},"o":{"a":0,"k":100,"ix":5},"r":1,"bm":0,"nm":"Fläche 1","mn":"ADBE Vector Graphic - Fill","hd":false},{"ty":"tr","p":{"a":0,"k":[-312.492,-172.492],"ix":2},"a":{"a":0,"k":[0,0],"ix":1},"s":{"a":0,"k":[100,100],"ix":3},"r":{"a":0,"k":0,"ix":6},"o":{"a":0,"k":100,"ix":7},"sk":{"a":0,"k":0,"ix":4},"sa":{"a":0,"k":0,"ix":5},"nm":"Transformieren"}],"nm":"Ellipse 1","np":3,"cix":2,"bm":0,"ix":2,"mn":"ADBE Vector Group","hd":false}],"ip":0,"op":3600,"st":0,"bm":0},{"ddd":0,"ind":4,"ty":4,"nm":"Ebene 1/Waldai Konturen","sr":1,"ks":{"o":{"a":0,"k":100,"ix":11},"r":{"a":0,"k":0,"ix":10},"p":{"a":0,"k":[440,340,0],"ix":2},"a":{"a":0,"k":[1078.5,611.5,0],"ix":1},"s":{"a":0,"k":[100,100,100],"ix":6}},"ao":0,"shapes":[{"ty":"gr","it":[{"ind":0,"ty":"sh","ix":1,"ks":{"a":0,"k":{"i":[[0,0],[-0.32,-98.116],[-0.728,-66.508],[0,-5.713],[9.85,3.528],[15.668,-5.428],[5.572,4.425],[26.916,20.911],[8.634,7.702],[25.874,-1.744],[17.083,-9.023],[2.307,-2.69],[36.886,-12.22],[14.69,-7.021],[4.28,3.865],[22.334,40.67],[27.095,-41.624],[7.802,-10.191],[3.297,6.209],[21.303,14.428],[16.554,-13.735],[17.529,-2.495],[28.316,-18.872],[9.715,2.538],[12.68,-11.923],[2.905,-4.028],[23.731,6.489],[18.719,-6.965],[1.97,1.712],[11.443,8.613],[8.426,2.569],[6.713,-6.855],[11.029,-9.435],[6.806,6.689],[15.058,13.144],[15.8,-15.487],[23.095,-19.243],[20.578,3.002],[12.87,-8.912],[18.51,-12.52],[36.14,-5.707],[1.993,1.881],[5.601,6.621],[14.693,-4.432],[4.693,4.648],[20.367,34.811],[27.294,-11.74],[21,-28.905],[42.563,-21.287],[3.946,1.29],[5.113,2.471],[3.174,0.79],[0,0],[0.023,0.375],[0,2.68],[0,0]],"o":[[-0.062,98.118],[0.217,66.509],[0.04,3.647],[-9.809,-3.513],[-8.222,12.853],[-6.382,2.211],[-26.687,-21.195],[-8.332,-6.472],[-10.689,28.741],[-19.257,1.299],[-3.209,1.695],[-26.208,30.569],[-15.419,5.108],[-5.509,2.633],[-33.874,-30.592],[-23.931,-43.579],[-5.603,8.608],[-5.148,-7.453],[-11.968,-22.533],[-17.937,-12.149],[-13.73,11.392],[-34.299,4.883],[-7.589,5.058],[-16.495,-4.311],[-3.651,3.433],[-15.717,21.797],[-18.311,-5.006],[-1.858,0.691],[-10.851,-9.431],[-6.955,-5.235],[-8.407,-2.562],[-9.482,9.683],[-7.475,-8.663],[-14.263,-14.016],[-18.039,-15.746],[-21.438,21.011],[-15.536,12.945],[-16.086,-2.347],[-18.38,12.725],[-30.975,20.951],[-2.253,0.355],[-6.321,-5.964],[-10.899,-12.883],[-5.658,1.706],[-28.674,-28.408],[-15.089,-25.79],[-32.524,13.99],[-28.491,39.214],[-3.349,1.675],[-5.332,-1.744],[-1.445,-0.699],[0,0],[-0.669,-0.335],[-0.168,-2.669],[0,0],[0,0]],"v":[[890.53,-650.941],[890.442,-356.589],[892.542,-157.066],[892.547,-144.059],[864.325,-154.168],[828.12,-126.286],[812.009,-129.374],[730.966,-191.721],[706.481,-213.414],[646.794,-176.376],[592.177,-161.316],[583.238,-155.013],[484.754,-97.92],[439.777,-78.822],[426.428,-80.329],[338.743,-183.921],[236.321,-186.528],[216.091,-159.918],[203.01,-179.075],[154.332,-235.408],[108.484,-233.352],[61.285,-212.641],[-31.234,-173.727],[-55.364,-168.545],[-99.858,-156.68],[-110.249,-145.813],[-171.071,-127.93],[-226.174,-129.772],[-233.556,-132.873],[-265.903,-161.367],[-289.973,-172.649],[-312.423,-165.509],[-343.912,-138.174],[-363.995,-161.24],[-407.724,-202.317],[-473.575,-196.808],[-541.413,-137.396],[-595.656,-121.948],[-639.084,-109.558],[-693.308,-70.059],[-796.186,-35.973],[-803.622,-39.817],[-821.915,-58.401],[-861.102,-67.874],[-875.048,-70.86],[-948.857,-165.484],[-1036.016,-195.492],[-1117.248,-132.169],[-1227.059,-45.396],[-1239.75,-46.018],[-1255.009,-53.531],[-1261.342,-55.159],[-1261.342,570.85],[-1263.26,569.84],[-1263.349,561.807],[-1263.349,-650.941]],"c":true},"ix":2},"nm":"Pfad 1","mn":"ADBE Vector Shape - Group","hd":false},{"ty":"fl","c":{"a":0,"k":[0.564999988032,0.819999964097,0.984000052658,1],"ix":4},"o":{"a":0,"k":100,"ix":5},"r":1,"bm":0,"nm":"Fläche 1","mn":"ADBE Vector Graphic - Fill","hd":false},{"ty":"tr","p":{"a":0,"k":[1263.678,651.191],"ix":2},"a":{"a":0,"k":[0,0],"ix":1},"s":{"a":0,"k":[100,100],"ix":3},"r":{"a":0,"k":0,"ix":6},"o":{"a":0,"k":100,"ix":7},"sk":{"a":0,"k":0,"ix":4},"sa":{"a":0,"k":0,"ix":5},"nm":"Transformieren"}],"nm":"Gruppe 1","np":4,"cix":2,"bm":0,"ix":1,"mn":"ADBE Vector Group","hd":false}],"ip":0,"op":3600,"st":0,"bm":0}],"markers":[]}