{"v":"5.6.5","fr":60,"ip":0,"op":20,"w":208,"h":40,"nm":"Komp 1","ddd":0,"assets":[],"layers":[{"ddd":0,"ind":1,"ty":4,"nm":"Login Konturen","sr":1,"ks":{"o":{"a":0,"k":100,"ix":11},"r":{"a":0,"k":0,"ix":10},"p":{"a":0,"k":[83.847,24.745,0],"ix":2},"a":{"a":0,"k":[0,0,0],"ix":1},"s":{"a":0,"k":[100,100,100],"ix":6}},"ao":0,"shapes":[{"ty":"gr","it":[{"ind":0,"ty":"sh","ix":1,"ks":{"a":0,"k":{"i":[[0,0],[0,0],[0,0],[0,0],[0,0],[0,0]],"o":[[0,0],[0,0],[0,0],[0,0],[0,0],[0,0]],"v":[[3.69,-11.167],[1.047,-11.167],[1.047,0],[7.767,0],[8.041,-2.095],[3.69,-2.095]],"c":true},"ix":2},"nm":"L","mn":"ADBE Vector Shape - Group","hd":false},{"ty":"fl","c":{"a":0,"k":[1,1,1,1],"ix":4},"o":{"a":0,"k":100,"ix":5},"r":1,"bm":0,"nm":"Fläche 1","mn":"ADBE Vector Graphic - Fill","hd":false},{"ty":"tr","p":{"a":0,"k":[0,0],"ix":2},"a":{"a":0,"k":[0,0],"ix":1},"s":{"a":0,"k":[100,100],"ix":3},"r":{"a":0,"k":0,"ix":6},"o":{"a":0,"k":100,"ix":7},"sk":{"a":0,"k":0,"ix":4},"sa":{"a":0,"k":0,"ix":5},"nm":"Transformieren"}],"nm":"L","np":3,"cix":2,"bm":0,"ix":1,"mn":"ADBE Vector Group","hd":false},{"ty":"gr","it":[{"ind":0,"ty":"sh","ix":1,"ks":{"a":0,"k":{"i":[[2.61,0],[0,-2.739],[-2.594,0],[0,2.739]],"o":[[-2.61,0],[0,2.884],[2.61,0],[0,-2.884]],"v":[[12.913,-8.83],[8.723,-4.286],[12.913,0.274],[17.102,-4.27]],"c":true},"ix":2},"nm":"o","mn":"ADBE Vector Shape - Group","hd":false},{"ind":1,"ty":"sh","ix":2,"ks":{"a":0,"k":{"i":[[-1.031,0],[0,-1.901],[1.031,0],[0,1.901]],"o":[[1.031,0],[0,1.853],[-1.031,0],[0,-1.853]],"v":[[12.913,-6.961],[14.46,-4.27],[12.913,-1.595],[11.366,-4.286]],"c":true},"ix":2},"nm":"o","mn":"ADBE Vector Shape - Group","hd":false},{"ty":"mm","mm":1,"nm":"Pfade zusammenführen 1","mn":"ADBE Vector Filter - Merge","hd":false},{"ty":"fl","c":{"a":0,"k":[1,1,1,1],"ix":4},"o":{"a":0,"k":100,"ix":5},"r":1,"bm":0,"nm":"Fläche 1","mn":"ADBE Vector Graphic - Fill","hd":false},{"ty":"tr","p":{"a":0,"k":[0,0],"ix":2},"a":{"a":0,"k":[0,0],"ix":1},"s":{"a":0,"k":[100,100],"ix":3},"r":{"a":0,"k":0,"ix":6},"o":{"a":0,"k":100,"ix":7},"sk":{"a":0,"k":0,"ix":4},"sa":{"a":0,"k":0,"ix":5},"nm":"Transformieren"}],"nm":"o","np":5,"cix":2,"bm":0,"ix":2,"mn":"ADBE Vector Group","hd":false},{"ty":"gr","it":[{"ind":0,"ty":"sh","ix":1,"ks":{"a":0,"k":{"i":[[0,0],[1.901,0.048],[0,-1.934],[-1.096,-0.58],[0,-0.628],[-1.869,0],[0,0],[0,-0.5],[1.499,0],[0,0.741],[0,0],[-3.239,0],[0,1.756],[1.998,0],[0,0],[0,0.258],[-0.177,0.097],[-0.354,0],[0,1.66],[1.08,0.467],[-0.596,0.242]],"o":[[-1.031,0.612],[-2.24,0],[0,1.112],[-0.612,0.387],[0,0.918],[0,0],[0.854,0],[0,0.548],[-1.547,0],[0,0],[0,1.692],[2.933,0],[0,-1.434],[0,0],[-0.822,0],[0,-0.193],[0.306,0.064],[2.224,0],[0,-1.112],[1.08,0],[0,0]],"v":[[25.834,-9.942],[21.806,-8.83],[18.051,-5.704],[19.582,-3.255],[18.567,-1.611],[21.193,0.081],[22.434,0.081],[23.659,0.918],[21.806,1.885],[19.937,0.822],[17.648,0.822],[21.741,3.577],[26.221,0.741],[22.95,-1.74],[21.661,-1.74],[20.726,-2.256],[21,-2.739],[21.983,-2.643],[25.576,-5.511],[23.965,-7.718],[26.43,-8.057]],"c":true},"ix":2},"nm":"g","mn":"ADBE Vector Shape - Group","hd":false},{"ind":1,"ty":"sh","ix":2,"ks":{"a":0,"k":{"i":[[-0.79,0],[0,-0.951],[0.838,0],[0,0.935]],"o":[[0.854,0],[0,0.983],[-0.773,0],[0,-0.886]],"v":[[21.87,-7.154],[23.159,-5.769],[21.87,-4.286],[20.581,-5.736]],"c":true},"ix":2},"nm":"g","mn":"ADBE Vector Shape - Group","hd":false},{"ty":"mm","mm":1,"nm":"Pfade zusammenführen 1","mn":"ADBE Vector Filter - Merge","hd":false},{"ty":"fl","c":{"a":0,"k":[1,1,1,1],"ix":4},"o":{"a":0,"k":100,"ix":5},"r":1,"bm":0,"nm":"Fläche 1","mn":"ADBE Vector Graphic - Fill","hd":false},{"ty":"tr","p":{"a":0,"k":[0,0],"ix":2},"a":{"a":0,"k":[0,0],"ix":1},"s":{"a":0,"k":[100,100],"ix":3},"r":{"a":0,"k":0,"ix":6},"o":{"a":0,"k":100,"ix":7},"sk":{"a":0,"k":0,"ix":4},"sa":{"a":0,"k":0,"ix":5},"nm":"Transformieren"}],"nm":"g","np":5,"cix":2,"bm":0,"ix":3,"mn":"ADBE Vector Group","hd":false},{"ty":"gr","it":[{"ind":0,"ty":"sh","ix":1,"ks":{"a":0,"k":{"i":[[0.886,0],[0,-0.822],[-0.886,0],[0,0.822]],"o":[[-0.886,0],[0,0.822],[0.886,0],[0,-0.822]],"v":[[28.624,-13.068],[27.125,-11.618],[28.624,-10.167],[30.138,-11.618]],"c":true},"ix":2},"nm":"i","mn":"ADBE Vector Shape - Group","hd":false},{"ind":1,"ty":"sh","ix":2,"ks":{"a":0,"k":{"i":[[0,0],[0,0],[0,0],[0,0]],"o":[[0,0],[0,0],[0,0],[0,0]],"v":[[29.913,-8.556],[27.367,-8.556],[27.367,0],[29.913,0]],"c":true},"ix":2},"nm":"i","mn":"ADBE Vector Shape - Group","hd":false},{"ty":"mm","mm":1,"nm":"Pfade zusammenführen 1","mn":"ADBE Vector Filter - Merge","hd":false},{"ty":"fl","c":{"a":0,"k":[1,1,1,1],"ix":4},"o":{"a":0,"k":100,"ix":5},"r":1,"bm":0,"nm":"Fläche 1","mn":"ADBE Vector Graphic - Fill","hd":false},{"ty":"tr","p":{"a":0,"k":[0,0],"ix":2},"a":{"a":0,"k":[0,0],"ix":1},"s":{"a":0,"k":[100,100],"ix":3},"r":{"a":0,"k":0,"ix":6},"o":{"a":0,"k":100,"ix":7},"sk":{"a":0,"k":0,"ix":4},"sa":{"a":0,"k":0,"ix":5},"nm":"Transformieren"}],"nm":"i","np":5,"cix":2,"bm":0,"ix":4,"mn":"ADBE Vector Group","hd":false},{"ty":"gr","it":[{"ind":0,"ty":"sh","ix":1,"ks":{"a":0,"k":{"i":[[1.482,0],[0.725,-0.838],[0,0],[0,0],[0,0],[0,0],[0,0],[-0.564,0],[0,-0.902],[0,0],[0,0],[0,0]],"o":[[-1.063,0],[0,0],[0,0],[0,0],[0,0],[0,0],[0.451,-0.709],[0.5,0],[0,0],[0,0],[0,0],[0,-1.627]],"v":[[36.89,-8.83],[34.28,-7.541],[34.102,-8.556],[31.879,-8.556],[31.879,0],[34.425,0],[34.425,-5.849],[35.907,-6.961],[36.713,-5.817],[36.713,0],[39.259,0],[39.259,-6.252]],"c":true},"ix":2},"nm":"n","mn":"ADBE Vector Shape - Group","hd":false},{"ty":"fl","c":{"a":0,"k":[1,1,1,1],"ix":4},"o":{"a":0,"k":100,"ix":5},"r":1,"bm":0,"nm":"Fläche 1","mn":"ADBE Vector Graphic - Fill","hd":false},{"ty":"tr","p":{"a":0,"k":[0,0],"ix":2},"a":{"a":0,"k":[0,0],"ix":1},"s":{"a":0,"k":[100,100],"ix":3},"r":{"a":0,"k":0,"ix":6},"o":{"a":0,"k":100,"ix":7},"sk":{"a":0,"k":0,"ix":4},"sa":{"a":0,"k":0,"ix":5},"nm":"Transformieren"}],"nm":"n","np":3,"cix":2,"bm":0,"ix":5,"mn":"ADBE Vector Group","hd":false}],"ip":10,"op":20,"st":8,"bm":0},{"ddd":0,"ind":2,"ty":4,"nm":"Registrieren  Konturen","sr":1,"ks":{"o":{"a":0,"k":100,"ix":11},"r":{"a":0,"k":0,"ix":10},"p":{"a":0,"k":[58.928,24.745,0],"ix":2},"a":{"a":0,"k":[0,0,0],"ix":1},"s":{"a":0,"k":[100,100,100],"ix":6}},"ao":0,"shapes":[{"ty":"gr","it":[{"ind":0,"ty":"sh","ix":1,"ks":{"a":0,"k":{"i":[[0,0],[0,0],[0,0],[0,1.466],[3.029,0],[0,0],[0,0],[0,0],[0,0],[0,0]],"o":[[0,0],[0,0],[1.45,-0.677],[0,-2.32],[0,0],[0,0],[0,0],[0,0],[0,0],[0,0]],"v":[[7.009,0],[9.99,0],[7.154,-4.753],[9.297,-7.767],[4.705,-11.167],[1.047,-11.167],[1.047,0],[3.69,0],[3.69,-4.27],[4.721,-4.27]],"c":true},"ix":2},"nm":"R","mn":"ADBE Vector Shape - Group","hd":false},{"ind":1,"ty":"sh","ix":2,"ks":{"a":0,"k":{"i":[[0,0],[0,0],[0,-1.08],[1.16,0],[0,0]],"o":[[0,0],[1.305,0],[0,1.176],[0,0],[0,0]],"v":[[3.69,-9.313],[4.641,-9.313],[6.574,-7.767],[4.802,-6.091],[3.69,-6.091]],"c":true},"ix":2},"nm":"R","mn":"ADBE Vector Shape - Group","hd":false},{"ty":"mm","mm":1,"nm":"Pfade zusammenführen 1","mn":"ADBE Vector Filter - Merge","hd":false},{"ty":"fl","c":{"a":0,"k":[1,1,1,1],"ix":4},"o":{"a":0,"k":100,"ix":5},"r":1,"bm":0,"nm":"Fläche 1","mn":"ADBE Vector Graphic - Fill","hd":false},{"ty":"tr","p":{"a":0,"k":[0,0],"ix":2},"a":{"a":0,"k":[0,0],"ix":1},"s":{"a":0,"k":[100,100],"ix":3},"r":{"a":0,"k":0,"ix":6},"o":{"a":0,"k":100,"ix":7},"sk":{"a":0,"k":0,"ix":4},"sa":{"a":0,"k":0,"ix":5},"nm":"Transformieren"}],"nm":"R","np":5,"cix":2,"bm":0,"ix":1,"mn":"ADBE Vector Group","hd":false},{"ty":"gr","it":[{"ind":0,"ty":"sh","ix":1,"ks":{"a":0,"k":{"i":[[0,0.274],[2.449,0],[0,-2.562],[-2.852,0],[-0.854,0.677],[0,0],[0.693,0],[0.161,1.531],[0,0]],"o":[[0,-2.771],[-2.594,0],[0,2.675],[1.386,0],[0,0],[-0.741,0.516],[-1.047,0],[0,0],[0.032,-0.258]],"v":[[18.171,-4.447],[14.224,-8.83],[10.228,-4.238],[14.53,0.274],[17.865,-0.918],[16.818,-2.336],[14.771,-1.579],[12.838,-3.529],[18.123,-3.529]],"c":true},"ix":2},"nm":"e","mn":"ADBE Vector Shape - Group","hd":false},{"ind":1,"ty":"sh","ix":2,"ks":{"a":0,"k":{"i":[[0,0],[0,0],[-0.854,0],[-0.016,-1.16]],"o":[[0,0],[0.129,-1.547],[1.015,0],[0,0]],"v":[[15.674,-5.06],[12.822,-5.06],[14.288,-7.138],[15.674,-5.172]],"c":true},"ix":2},"nm":"e","mn":"ADBE Vector Shape - Group","hd":false},{"ty":"mm","mm":1,"nm":"Pfade zusammenführen 1","mn":"ADBE Vector Filter - Merge","hd":false},{"ty":"fl","c":{"a":0,"k":[1,1,1,1],"ix":4},"o":{"a":0,"k":100,"ix":5},"r":1,"bm":0,"nm":"Fläche 1","mn":"ADBE Vector Graphic - Fill","hd":false},{"ty":"tr","p":{"a":0,"k":[0,0],"ix":2},"a":{"a":0,"k":[0,0],"ix":1},"s":{"a":0,"k":[100,100],"ix":3},"r":{"a":0,"k":0,"ix":6},"o":{"a":0,"k":100,"ix":7},"sk":{"a":0,"k":0,"ix":4},"sa":{"a":0,"k":0,"ix":5},"nm":"Transformieren"}],"nm":"e","np":5,"cix":2,"bm":0,"ix":2,"mn":"ADBE Vector Group","hd":false},{"ty":"gr","it":[{"ind":0,"ty":"sh","ix":1,"ks":{"a":0,"k":{"i":[[0,0],[1.901,0.048],[0,-1.934],[-1.096,-0.58],[0,-0.628],[-1.869,0],[0,0],[0,-0.5],[1.499,0],[0,0.741],[0,0],[-3.239,0],[0,1.756],[1.998,0],[0,0],[0,0.258],[-0.177,0.097],[-0.354,0],[0,1.66],[1.08,0.467],[-0.596,0.242]],"o":[[-1.031,0.612],[-2.24,0],[0,1.112],[-0.612,0.387],[0,0.918],[0,0],[0.854,0],[0,0.548],[-1.547,0],[0,0],[0,1.692],[2.933,0],[0,-1.434],[0,0],[-0.822,0],[0,-0.193],[0.306,0.064],[2.224,0],[0,-1.112],[1.08,0],[0,0]],"v":[[26.858,-9.942],[22.83,-8.83],[19.075,-5.704],[20.606,-3.255],[19.591,-1.611],[22.217,0.081],[23.458,0.081],[24.683,0.918],[22.83,1.885],[20.96,0.822],[18.672,0.822],[22.765,3.577],[27.245,0.741],[23.974,-1.74],[22.685,-1.74],[21.75,-2.256],[22.024,-2.739],[23.007,-2.643],[26.6,-5.511],[24.989,-7.718],[27.454,-8.057]],"c":true},"ix":2},"nm":"g","mn":"ADBE Vector Shape - Group","hd":false},{"ind":1,"ty":"sh","ix":2,"ks":{"a":0,"k":{"i":[[-0.79,0],[0,-0.951],[0.838,0],[0,0.935]],"o":[[0.854,0],[0,0.983],[-0.773,0],[0,-0.886]],"v":[[22.894,-7.154],[24.183,-5.769],[22.894,-4.286],[21.605,-5.736]],"c":true},"ix":2},"nm":"g","mn":"ADBE Vector Shape - Group","hd":false},{"ty":"mm","mm":1,"nm":"Pfade zusammenführen 1","mn":"ADBE Vector Filter - Merge","hd":false},{"ty":"fl","c":{"a":0,"k":[1,1,1,1],"ix":4},"o":{"a":0,"k":100,"ix":5},"r":1,"bm":0,"nm":"Fläche 1","mn":"ADBE Vector Graphic - Fill","hd":false},{"ty":"tr","p":{"a":0,"k":[0,0],"ix":2},"a":{"a":0,"k":[0,0],"ix":1},"s":{"a":0,"k":[100,100],"ix":3},"r":{"a":0,"k":0,"ix":6},"o":{"a":0,"k":100,"ix":7},"sk":{"a":0,"k":0,"ix":4},"sa":{"a":0,"k":0,"ix":5},"nm":"Transformieren"}],"nm":"g","np":5,"cix":2,"bm":0,"ix":3,"mn":"ADBE Vector Group","hd":false},{"ty":"gr","it":[{"ind":0,"ty":"sh","ix":1,"ks":{"a":0,"k":{"i":[[0.886,0],[0,-0.822],[-0.886,0],[0,0.822]],"o":[[-0.886,0],[0,0.822],[0.886,0],[0,-0.822]],"v":[[29.647,-13.068],[28.149,-11.618],[29.647,-10.167],[31.162,-11.618]],"c":true},"ix":2},"nm":"i","mn":"ADBE Vector Shape - Group","hd":false},{"ind":1,"ty":"sh","ix":2,"ks":{"a":0,"k":{"i":[[0,0],[0,0],[0,0],[0,0]],"o":[[0,0],[0,0],[0,0],[0,0]],"v":[[30.937,-8.556],[28.391,-8.556],[28.391,0],[30.937,0]],"c":true},"ix":2},"nm":"i","mn":"ADBE Vector Shape - Group","hd":false},{"ty":"mm","mm":1,"nm":"Pfade zusammenführen 1","mn":"ADBE Vector Filter - Merge","hd":false},{"ty":"fl","c":{"a":0,"k":[1,1,1,1],"ix":4},"o":{"a":0,"k":100,"ix":5},"r":1,"bm":0,"nm":"Fläche 1","mn":"ADBE Vector Graphic - Fill","hd":false},{"ty":"tr","p":{"a":0,"k":[0,0],"ix":2},"a":{"a":0,"k":[0,0],"ix":1},"s":{"a":0,"k":[100,100],"ix":3},"r":{"a":0,"k":0,"ix":6},"o":{"a":0,"k":100,"ix":7},"sk":{"a":0,"k":0,"ix":4},"sa":{"a":0,"k":0,"ix":5},"nm":"Transformieren"}],"nm":"i","np":5,"cix":2,"bm":0,"ix":4,"mn":"ADBE Vector Group","hd":false},{"ty":"gr","it":[{"ind":0,"ty":"sh","ix":1,"ks":{"a":0,"k":{"i":[[1.241,0],[0,-1.466],[-1.692,-0.483],[0,-0.58],[0.773,0],[0.645,0.5],[0,0],[-1.482,0],[0,1.772],[1.692,0.483],[0,0.451],[-0.693,0],[-0.661,-0.419],[0,0]],"o":[[-2.159,0],[0,1.321],[1.547,0.435],[0,0.516],[-0.838,0],[0,0],[0.838,0.757],[2.127,0],[0,-1.531],[-1.531,-0.451],[0,-0.387],[0.741,0],[0,0],[-0.79,-0.645]],"v":[[35.916,-8.83],[32.419,-6.22],[34.949,-3.545],[36.754,-2.353],[35.513,-1.547],[33.241,-2.385],[32,-0.999],[35.577,0.274],[39.38,-2.546],[36.738,-5.269],[34.981,-6.365],[36.012,-7.009],[38.123,-6.349],[39.058,-7.783]],"c":true},"ix":2},"nm":"s","mn":"ADBE Vector Shape - Group","hd":false},{"ty":"fl","c":{"a":0,"k":[1,1,1,1],"ix":4},"o":{"a":0,"k":100,"ix":5},"r":1,"bm":0,"nm":"Fläche 1","mn":"ADBE Vector Graphic - Fill","hd":false},{"ty":"tr","p":{"a":0,"k":[0,0],"ix":2},"a":{"a":0,"k":[0,0],"ix":1},"s":{"a":0,"k":[100,100],"ix":3},"r":{"a":0,"k":0,"ix":6},"o":{"a":0,"k":100,"ix":7},"sk":{"a":0,"k":0,"ix":4},"sa":{"a":0,"k":0,"ix":5},"nm":"Transformieren"}],"nm":"s","np":3,"cix":2,"bm":0,"ix":5,"mn":"ADBE Vector Group","hd":false},{"ty":"gr","it":[{"ind":0,"ty":"sh","ix":1,"ks":{"a":0,"k":{"i":[[0,0],[0.29,0],[0,0.822],[0,0],[0,0],[0,0],[0,0],[0,0],[0,0],[0,0],[0,0],[0,0],[0,0],[0,0],[-1.885,-0.016],[-0.645,0.451]],"o":[[-0.338,0.209],[-0.532,0],[0,0],[0,0],[0,0],[0,0],[0,0],[0,0],[0,0],[0,0],[0,0],[0,0],[0,0],[0,2.014],[0.773,0],[0,0]],"v":[[45.142,-2.03],[44.224,-1.74],[43.418,-2.852],[43.418,-6.784],[45.11,-6.784],[45.384,-8.556],[43.418,-8.556],[43.418,-10.699],[40.872,-10.409],[40.872,-8.556],[39.664,-8.556],[39.664,-6.784],[40.872,-6.784],[40.872,-2.82],[43.676,0.274],[45.996,-0.403]],"c":true},"ix":2},"nm":"t","mn":"ADBE Vector Shape - Group","hd":false},{"ty":"fl","c":{"a":0,"k":[1,1,1,1],"ix":4},"o":{"a":0,"k":100,"ix":5},"r":1,"bm":0,"nm":"Fläche 1","mn":"ADBE Vector Graphic - Fill","hd":false},{"ty":"tr","p":{"a":0,"k":[0,0],"ix":2},"a":{"a":0,"k":[0,0],"ix":1},"s":{"a":0,"k":[100,100],"ix":3},"r":{"a":0,"k":0,"ix":6},"o":{"a":0,"k":100,"ix":7},"sk":{"a":0,"k":0,"ix":4},"sa":{"a":0,"k":0,"ix":5},"nm":"Transformieren"}],"nm":"t","np":3,"cix":2,"bm":0,"ix":6,"mn":"ADBE Vector Group","hd":false},{"ty":"gr","it":[{"ind":0,"ty":"sh","ix":1,"ks":{"a":0,"k":{"i":[[0.322,0],[0.387,-1.176],[0,0],[0,0],[0,0],[0,0],[0,0],[-1.047,0],[-0.274,-0.064],[0,0]],"o":[[-0.983,0],[0,0],[0,0],[0,0],[0,0],[0,0],[0.274,-1.289],[0.29,0],[0,0],[-0.274,-0.081]],"v":[[51.447,-8.798],[49.239,-6.913],[49.03,-8.556],[46.806,-8.556],[46.806,0],[49.352,0],[49.352,-4.27],[51.125,-6.333],[51.898,-6.22],[52.301,-8.685]],"c":true},"ix":2},"nm":"r","mn":"ADBE Vector Shape - Group","hd":false},{"ty":"fl","c":{"a":0,"k":[1,1,1,1],"ix":4},"o":{"a":0,"k":100,"ix":5},"r":1,"bm":0,"nm":"Fläche 1","mn":"ADBE Vector Graphic - Fill","hd":false},{"ty":"tr","p":{"a":0,"k":[0,0],"ix":2},"a":{"a":0,"k":[0,0],"ix":1},"s":{"a":0,"k":[100,100],"ix":3},"r":{"a":0,"k":0,"ix":6},"o":{"a":0,"k":100,"ix":7},"sk":{"a":0,"k":0,"ix":4},"sa":{"a":0,"k":0,"ix":5},"nm":"Transformieren"}],"nm":"r","np":3,"cix":2,"bm":0,"ix":7,"mn":"ADBE Vector Group","hd":false},{"ty":"gr","it":[{"ind":0,"ty":"sh","ix":1,"ks":{"a":0,"k":{"i":[[0.886,0],[0,-0.822],[-0.886,0],[0,0.822]],"o":[[-0.886,0],[0,0.822],[0.886,0],[0,-0.822]],"v":[[54.479,-13.068],[52.98,-11.618],[54.479,-10.167],[55.993,-11.618]],"c":true},"ix":2},"nm":"i","mn":"ADBE Vector Shape - Group","hd":false},{"ind":1,"ty":"sh","ix":2,"ks":{"a":0,"k":{"i":[[0,0],[0,0],[0,0],[0,0]],"o":[[0,0],[0,0],[0,0],[0,0]],"v":[[55.768,-8.556],[53.222,-8.556],[53.222,0],[55.768,0]],"c":true},"ix":2},"nm":"i","mn":"ADBE Vector Shape - Group","hd":false},{"ty":"mm","mm":1,"nm":"Pfade zusammenführen 1","mn":"ADBE Vector Filter - Merge","hd":false},{"ty":"fl","c":{"a":0,"k":[1,1,1,1],"ix":4},"o":{"a":0,"k":100,"ix":5},"r":1,"bm":0,"nm":"Fläche 1","mn":"ADBE Vector Graphic - Fill","hd":false},{"ty":"tr","p":{"a":0,"k":[0,0],"ix":2},"a":{"a":0,"k":[0,0],"ix":1},"s":{"a":0,"k":[100,100],"ix":3},"r":{"a":0,"k":0,"ix":6},"o":{"a":0,"k":100,"ix":7},"sk":{"a":0,"k":0,"ix":4},"sa":{"a":0,"k":0,"ix":5},"nm":"Transformieren"}],"nm":"i","np":5,"cix":2,"bm":0,"ix":8,"mn":"ADBE Vector Group","hd":false},{"ty":"gr","it":[{"ind":0,"ty":"sh","ix":1,"ks":{"a":0,"k":{"i":[[0,0.274],[2.449,0],[0,-2.562],[-2.852,0],[-0.854,0.677],[0,0],[0.693,0],[0.161,1.531],[0,0]],"o":[[0,-2.771],[-2.594,0],[0,2.675],[1.386,0],[0,0],[-0.741,0.516],[-1.047,0],[0,0],[0.032,-0.258]],"v":[[65.194,-4.447],[61.247,-8.83],[57.25,-4.238],[61.553,0.274],[64.888,-0.918],[63.841,-2.336],[61.794,-1.579],[59.861,-3.529],[65.146,-3.529]],"c":true},"ix":2},"nm":"e","mn":"ADBE Vector Shape - Group","hd":false},{"ind":1,"ty":"sh","ix":2,"ks":{"a":0,"k":{"i":[[0,0],[0,0],[-0.854,0],[-0.016,-1.16]],"o":[[0,0],[0.129,-1.547],[1.015,0],[0,0]],"v":[[62.697,-5.06],[59.845,-5.06],[61.311,-7.138],[62.697,-5.172]],"c":true},"ix":2},"nm":"e","mn":"ADBE Vector Shape - Group","hd":false},{"ty":"mm","mm":1,"nm":"Pfade zusammenführen 1","mn":"ADBE Vector Filter - Merge","hd":false},{"ty":"fl","c":{"a":0,"k":[1,1,1,1],"ix":4},"o":{"a":0,"k":100,"ix":5},"r":1,"bm":0,"nm":"Fläche 1","mn":"ADBE Vector Graphic - Fill","hd":false},{"ty":"tr","p":{"a":0,"k":[0,0],"ix":2},"a":{"a":0,"k":[0,0],"ix":1},"s":{"a":0,"k":[100,100],"ix":3},"r":{"a":0,"k":0,"ix":6},"o":{"a":0,"k":100,"ix":7},"sk":{"a":0,"k":0,"ix":4},"sa":{"a":0,"k":0,"ix":5},"nm":"Transformieren"}],"nm":"e","np":5,"cix":2,"bm":0,"ix":9,"mn":"ADBE Vector Group","hd":false},{"ty":"gr","it":[{"ind":0,"ty":"sh","ix":1,"ks":{"a":0,"k":{"i":[[0.322,0],[0.387,-1.176],[0,0],[0,0],[0,0],[0,0],[0,0],[-1.047,0],[-0.274,-0.064],[0,0]],"o":[[-0.983,0],[0,0],[0,0],[0,0],[0,0],[0,0],[0.274,-1.289],[0.29,0],[0,0],[-0.274,-0.081]],"v":[[71.238,-8.798],[69.031,-6.913],[68.821,-8.556],[66.598,-8.556],[66.598,0],[69.144,0],[69.144,-4.27],[70.916,-6.333],[71.689,-6.22],[72.092,-8.685]],"c":true},"ix":2},"nm":"r","mn":"ADBE Vector Shape - Group","hd":false},{"ty":"fl","c":{"a":0,"k":[1,1,1,1],"ix":4},"o":{"a":0,"k":100,"ix":5},"r":1,"bm":0,"nm":"Fläche 1","mn":"ADBE Vector Graphic - Fill","hd":false},{"ty":"tr","p":{"a":0,"k":[0,0],"ix":2},"a":{"a":0,"k":[0,0],"ix":1},"s":{"a":0,"k":[100,100],"ix":3},"r":{"a":0,"k":0,"ix":6},"o":{"a":0,"k":100,"ix":7},"sk":{"a":0,"k":0,"ix":4},"sa":{"a":0,"k":0,"ix":5},"nm":"Transformieren"}],"nm":"r","np":3,"cix":2,"bm":0,"ix":10,"mn":"ADBE Vector Group","hd":false},{"ty":"gr","it":[{"ind":0,"ty":"sh","ix":1,"ks":{"a":0,"k":{"i":[[0,0.274],[2.449,0],[0,-2.562],[-2.852,0],[-0.854,0.677],[0,0],[0.693,0],[0.161,1.531],[0,0]],"o":[[0,-2.771],[-2.594,0],[0,2.675],[1.386,0],[0,0],[-0.741,0.516],[-1.047,0],[0,0],[0.032,-0.258]],"v":[[80.314,-4.447],[76.366,-8.83],[72.37,-4.238],[76.672,0.274],[80.008,-0.918],[78.96,-2.336],[76.914,-1.579],[74.98,-3.529],[80.266,-3.529]],"c":true},"ix":2},"nm":"e","mn":"ADBE Vector Shape - Group","hd":false},{"ind":1,"ty":"sh","ix":2,"ks":{"a":0,"k":{"i":[[0,0],[0,0],[-0.854,0],[-0.016,-1.16]],"o":[[0,0],[0.129,-1.547],[1.015,0],[0,0]],"v":[[77.816,-5.06],[74.964,-5.06],[76.431,-7.138],[77.816,-5.172]],"c":true},"ix":2},"nm":"e","mn":"ADBE Vector Shape - Group","hd":false},{"ty":"mm","mm":1,"nm":"Pfade zusammenführen 1","mn":"ADBE Vector Filter - Merge","hd":false},{"ty":"fl","c":{"a":0,"k":[1,1,1,1],"ix":4},"o":{"a":0,"k":100,"ix":5},"r":1,"bm":0,"nm":"Fläche 1","mn":"ADBE Vector Graphic - Fill","hd":false},{"ty":"tr","p":{"a":0,"k":[0,0],"ix":2},"a":{"a":0,"k":[0,0],"ix":1},"s":{"a":0,"k":[100,100],"ix":3},"r":{"a":0,"k":0,"ix":6},"o":{"a":0,"k":100,"ix":7},"sk":{"a":0,"k":0,"ix":4},"sa":{"a":0,"k":0,"ix":5},"nm":"Transformieren"}],"nm":"e","np":5,"cix":2,"bm":0,"ix":11,"mn":"ADBE Vector Group","hd":false},{"ty":"gr","it":[{"ind":0,"ty":"sh","ix":1,"ks":{"a":0,"k":{"i":[[1.482,0],[0.725,-0.838],[0,0],[0,0],[0,0],[0,0],[0,0],[-0.564,0],[0,-0.902],[0,0],[0,0],[0,0]],"o":[[-1.063,0],[0,0],[0,0],[0,0],[0,0],[0,0],[0.451,-0.709],[0.5,0],[0,0],[0,0],[0,0],[0,-1.627]],"v":[[86.729,-8.83],[84.118,-7.541],[83.941,-8.556],[81.717,-8.556],[81.717,0],[84.263,0],[84.263,-5.849],[85.746,-6.961],[86.551,-5.817],[86.551,0],[89.097,0],[89.097,-6.252]],"c":true},"ix":2},"nm":"n","mn":"ADBE Vector Shape - Group","hd":false},{"ty":"fl","c":{"a":0,"k":[1,1,1,1],"ix":4},"o":{"a":0,"k":100,"ix":5},"r":1,"bm":0,"nm":"Fläche 1","mn":"ADBE Vector Graphic - Fill","hd":false},{"ty":"tr","p":{"a":0,"k":[0,0],"ix":2},"a":{"a":0,"k":[0,0],"ix":1},"s":{"a":0,"k":[100,100],"ix":3},"r":{"a":0,"k":0,"ix":6},"o":{"a":0,"k":100,"ix":7},"sk":{"a":0,"k":0,"ix":4},"sa":{"a":0,"k":0,"ix":5},"nm":"Transformieren"}],"nm":"n","np":3,"cix":2,"bm":0,"ix":12,"mn":"ADBE Vector Group","hd":false}],"ip":0,"op":10,"st":0,"bm":0}],"markers":[]}